geneName,log2FoldChange
katA,-6.245737751
mrgA,-5.667123363
yhbE,-5.414212547
ahpF,-4.954957459
ahpC,-4.85204124
sacP,-4.66656932
yhbF,-4.543054562
sacA,-4.459587472
yhbD,-4.166867795
mntH,-3.866267428
zosA,-3.783549569
gutB,-3.501561561
natA,-3.494204532
mntD,-3.464114276
natB,-3.451604189
mntC,-3.101028717
mntB,-3.093425106
yheH,-3.051862358
mntA,-2.988727431
iolT,-2.984553469
sufD,-2.897676452
sufS,-2.894588656
iolG,-2.86977675
yrhG,-2.853849787
sufU,-2.819853677
guaB,-2.816978023
efeM,-2.810773762
iolF,-2.810017064
sufB,-2.797138308
yheI,-2.787957432
yhcZ,-2.740359393
hemB,-2.736604572
iolH,-2.710647336
yhcY,-2.707821129
dnaH,-2.701651056
yhdA,-2.682965865
sacB,-2.680054477
ywtG,-2.672339541
sufC,-2.656922754
hemL,-2.63058704
iolB,-2.603784541
uup,-2.573341892
BS3610_RS15195,-2.568299499
mmsA,-2.541276457
efeN,-2.481511335
gutP,-2.468857971
iolI,-2.4559833
yxbG,-2.435054804
iolC,-2.430559026
perR,-2.427228169
efeU,-2.426603202
iolD,-2.417864728
yxzC,-2.409381577
hemD,-2.399669011
csbC,-2.39947847
bglH,-2.392326089
msmR,-2.373028916
ilvK,-2.350048757
iolE,-2.342095387
hemA,-2.312296192
yaaT,-2.303017612
ywjA,-2.296969651
ydaD,-2.277481987
amtB,-2.259913307
hemX,-2.255178328
rnjB,-2.247030673
hemC,-2.213601104
ydaE,-2.191102766
ybeC,-2.188846845
moaE,-2.172979399
yxiH,-2.168388565
rbsB,-2.163297904
ywjB,-2.152865626
pgdS,-2.149734968
wapA,-2.133166333
queE,-2.129589715
metC,-2.108027382
yxiJ,-2.103198984
yetL,-2.101612768
mobB,-2.083961827
moeA,-2.083436337
pdxK,-2.077645079
yqjM,-2.054323592
yopZ,-2.045673804
citM,-2.034579299
yxiI,-2.020473534
yvjA,-2.019496591
ycdF,-2.018781358
yxaB,-2.018218515
dtd,-2.011195277
ycdG,-2.008370903
yjgD,-1.995981362
yfkE,-1.989284968
flgE,-1.988049939
yrhE,-1.985838826
rsh,-1.980038031
mtnE,-1.953872899
uvrA,-1.949179281
dctR,-1.942136836
yxzG,-1.940874453
queD,-1.938742707
yjgC,-1.931422008
yuxK,-1.929854534
yhdK,-1.911274069
fhuD,-1.911063701
garD,-1.903146908
fliI,-1.883678229
adeC,-1.869122282
epr,-1.864226949
nrdE,-1.862888668
sdhB,-1.85695514
yxjH,-1.855464567
ywdA,-1.846014587
ycbP,-1.841404245
yrkH,-1.838238652
BS3610_RS04250,-1.837297931
bglP,-1.833386389
melA,-1.829701287
yneB,-1.826000448
sdhA,-1.812524416
ydfN,-1.799074025
yqjU,-1.798092946
xsa,-1.797619769
queC,-1.797066234
metI,-1.788531001
BS3610_RS23345,-1.781732853
ywlF,-1.781270857
yvbG,-1.776512494
bceS,-1.764533169
tsaD,-1.758138589
mcpB,-1.756960161
ilvD,-1.752417971
yunD,-1.75202621
moaA,-1.747987319
flgK,-1.744818286
menA,-1.737594589
yfjR,-1.734616105
yvzB,-1.73276079
yxiK,-1.7316874
moaD,-1.729290986
dltE,-1.72910481
pucF,-1.727756495
cheD,-1.72342313
pupG,-1.723274076
ywlG,-1.722753372
yfjF,-1.708744442
yfmJ,-1.707761457
ygxB,-1.706172205
dctS,-1.700893034
glxK,-1.700811768
queF,-1.698826124
xkdS,-1.697294957
lmrB,-1.696177704
pycA,-1.69391239
yrhD,-1.688900648
ytsP,-1.688761703
cypC,-1.686816732
yxiF,-1.683691051
fliY,-1.682357062
yxdK,-1.680750979
flhP,-1.677298336
yybA,-1.674217393
dctP,-1.672081185
recA,-1.671326697
iolJ,-1.666064568
fliK,-1.663230324
yqiK,-1.657978039
cstA,-1.653013464
yjjA,-1.648054961
yxnA,-1.642835838
yjbO,-1.638726463
cheC,-1.635045545
ftsW,-1.631024753
motA,-1.62501661
flhA,-1.621288971
sigD,-1.620299311
yerO,-1.619844549
mtnB,-1.619529173
yrkF,-1.61204101
araQ,-1.610564128
yufM,-1.608921731
yurJ,-1.607702397
purU,-1.601811339
tagA,-1.601184534
ycbG,-1.600234733
ywrB,-1.599332233
fliM,-1.598927032
crh,-1.598123864
ydaP,-1.597919266
rbsC,-1.586667985
yhxA,-1.583438014
yxiG,-1.578092064
mtnX,-1.576545105
fhuG,-1.571745306
mdxK,-1.569105738
ydaN,-1.567837915
ybfB,-1.567787292
proS,-1.563883068
bacH,-1.563236461
glcK,-1.562838597
yrzS,-1.562046823
ycgB,-1.559837635
ypgR,-1.557763414
nrdF,-1.557681481
psd,-1.556664337
yhxD,-1.55637489
yvgM,-1.554885515
flgD,-1.55313206
tsaC,-1.549874512
BS3610_RS23340,-1.549589789
ykzM,-1.548618825
ydfO,-1.545265268
glpP,-1.539850597
ylxH,-1.538160924
ligA,-1.537114665
mscL,-1.534549629
pheS,-1.53267967
yfjO,-1.529917395
fbp,-1.527523458
yscB,-1.525289686
xkdW,-1.523309391
ywhD,-1.521523735
yfmT,-1.520943913
glpG,-1.52042041
drm,-1.519743944
tsaB,-1.51906753
yhjN,-1.517749025
yjbH,-1.512932803
hslO,-1.512604327
yfiC,-1.509720239
mutSB,-1.508563558
mdxM,-1.506755539
mtnW,-1.501634382
spcB,-1.500841709
gspA,-1.49519313
ytpQ,-1.492976942
ylxF,-1.491764203
cheY,-1.491304397
ytrE,-1.491173678
ywgA,-1.489159829
pucC,-1.485249533
dltB,-1.484399065
yxdJ,-1.481045006
yflK,-1.479251016
ccpA,-1.478401185
cheB,-1.47688724
yhfQ,-1.475456583
topB,-1.474639215
aroX,-1.473437841
yfmM,-1.471415731
flhO,-1.469202973
yybB,-1.467821376
xkdI,-1.467585291
engD,-1.464251952
ytcQ,-1.463901366
yvyG,-1.463721732
bsdA,-1.462774746
abfA,-1.462013533
yyaE,-1.460699948
ywrA,-1.459820871
yqhB,-1.455755063
yfmS,-1.455431335
yvcN,-1.455288688
ycnB,-1.455030397
dltD,-1.454556694
ppnKA,-1.453422526
ldh,-1.452625739
ybaR,-1.450635059
flgL,-1.450249754
guaA,-1.448585035
citT,-1.447645486
cinA,-1.446676484
comEB,-1.446240707
dltA,-1.444628071
yfiG,-1.442961653
kbl,-1.439634396
rsmB,-1.438003416
gutR,-1.436945424
gntZ,-1.432941986
coaA,-1.43256265
yvfR,-1.432002723
yfjE,-1.430224861
yufL,-1.42988828
nosA,-1.429540549
yhdL,-1.428293034
fliL,-1.427265843
aapA,-1.426957989
yvcS,-1.4262263
ysnF,-1.423578682
pcrB,-1.422526402
ywdF,-1.421988187
naiP,-1.419925734
yceH,-1.413711408
kinD,-1.412391972
thrB,-1.411835279
yfiI,-1.411505404
yerD,-1.410697662
yfiH,-1.408222597
zwf,-1.406591912
bmr,-1.40629764
yjbJ,-1.405859361
fhuB,-1.40366019
yxxG,-1.402993767
yvrL,-1.402453445
ydjJ,-1.400521962
yfhA,-1.399191278
rhgQ,-1.39668211
motB,-1.393985538
yisS,-1.390078889
uvrB,-1.388966992
ylzI,-1.385964061
yxjG,-1.385553709
ydcT,-1.385120028
ydeQ,-1.382723801
yusR,-1.382268078
xylA,-1.380987766
ycbD,-1.375714201
lrgB,-1.374668368
polYA,-1.369576802
yqjP,-1.36408019
galT,-1.363168709
fliR,-1.36212894
ycgT,-1.361122943
eno,-1.358910464
ywhC,-1.356764971
cheA,-1.356624464
ywfO,-1.355693721
fdhD,-1.35512963
gmuF,-1.350724623
sdaAA,-1.350664184
fhuC,-1.349628367
acoR,-1.347679343
ktrC,-1.346393444
yhdF,-1.346164753
pgm,-1.341838865
ydzS,-1.341091188
mdxG,-1.340022197
yprA,-1.339542658
flhB,-1.339405593
yxiS,-1.337176178
acsA,-1.334949544
rbsD,-1.330744869
yumC,-1.329536172
ispE,-1.329243916
oppD,-1.327776351
yabN,-1.323175053
cheW,-1.321620975
ycbC,-1.321389885
ypjQ,-1.321356166
yqjQ,-1.321231753
mdxL,-1.320276973
ycbO,-1.319577074
prfB,-1.31910051
trxB,-1.318572629
yisQ,-1.317305044
yrkI,-1.315814979
mprF,-1.315021994
rbsK,-1.313052169
rnhB,-1.311649642
alaS,-1.309528023
metK,-1.309143477
BS3610_RS23335,-1.308846416
rbsA,-1.307001818
argS,-1.306100204
dltC,-1.305948468
fliH,-1.302882015
yshB,-1.302600782
yflN,-1.301927763
BS3610_RS04245,-1.301200238
glcF,-1.300802631
thiI,-1.300440012
yutJ,-1.30041836
moeB,-1.300268521
secA,-1.298929414
nhaK,-1.296876252
nasA,-1.295791269
yoaE,-1.295035812
yvcR,-1.294132069
yjhB,-1.294047611
yfkM,-1.292300947
pbuE,-1.291613422
ytcJ,-1.290943342
gntK,-1.290770356
yobE,-1.290099302
yfhF,-1.28936072
yerH,-1.287596683
vmlR,-1.283555455
xynB,-1.283342176
tlpB,-1.277007623
araN,-1.276881327
ispG,-1.276201308
ydgF,-1.275815
fliT,-1.274455837
araL,-1.272090043
yebA,-1.271310346
addA,-1.270670657
ribAB,-1.270636066
pckA,-1.270174642
yjkA,-1.270084364
ysxC,-1.26938752
opuE,-1.269279359
walJ,-1.269174195
queA,-1.268193447
fliS,-1.266295839
mdxJ,-1.266272935
ydiF,-1.265772018
fliZ,-1.264471528
aspS,-1.257658111
gmuE,-1.255920169
yuiD,-1.254539439
gabD,-1.254052895
panE,-1.253202847
yjzF,-1.252658555
yxzI,-1.252336915
recN,-1.251850403
katE,-1.251630759
oxdC,-1.25146695
menE,-1.251312105
ydeK,-1.250009222
oppF,-1.248410851
recF,-1.248210087
panC,-1.244878972
yceF,-1.243310347
fliJ,-1.240980718
yhdJ,-1.240242263
bcrC,-1.238708119
fliG,-1.238668264
ycxA,-1.237679564
lipA,-1.237152957
ycgK,-1.235966819
nth,-1.235579386
yhfF,-1.234162265
yvrN,-1.23217051
xkdQ,-1.230735536
ylqG,-1.230727917
yvoF,-1.230292694
spoIIIE,-1.229406679
fliQ,-1.228816911
oxaAB,-1.228804528
mtrB,-1.22603019
gapB,-1.225089803
pcrA,-1.223269585
addB,-1.223214899
ssbB,-1.221633313
BS3610_RS24390,-1.220532557
fmt,-1.21779616
BS3610_RS24520,-1.21757174
thiM,-1.217381707
pgcA,-1.216289111
gyrB,-1.21537088
yabB,-1.213269143
pdaC,-1.211251988
ung,-1.210364741
yvoD,-1.209641966
hxlA,-1.209406014
glpK,-1.209160729
mleA,-1.208600775
sbcD,-1.207639558
speB,-1.206358472
yvrO,-1.205429828
relQ,-1.200945313
yvrE,-1.195157966
yjcL,-1.194333256
ydbD,-1.191709644
mtlR,-1.191654084
gapA,-1.186888786
xkdT,-1.180701972
yvbT,-1.180053071
bsuMB,-1.179979805
yvrG,-1.179687105
phoE,-1.177035659
xkzA,-1.176879783
ykzL,-1.175554145
malQ,-1.1723086
hemE,-1.170878423
yocB,-1.170850087
menC,-1.167381547
blt,-1.166481084
yvcQ,-1.164740424
yceG,-1.164464245
yutK,-1.163841453
yflL,-1.161595957
pucG,-1.160903647
ywpJ,-1.160846075
yisP,-1.159932783
yesE,-1.159881011
padR,-1.159312323
gltT,-1.158420906
asnB,-1.158165416
ywbC,-1.157156004
mutL,-1.156925437
pgk,-1.15645683
yrrL,-1.156440699
BS3610_RS24195,-1.155039469
glnK,-1.154473792
yceD,-1.153384227
whiA,-1.151082678
lipL,-1.148256761
ppnKB,-1.147436748
pdp,-1.145822588
fadA,-1.1442469
sigO,-1.142126369
polX,-1.141200142
ispD,-1.140062848
ybdO,-1.139873892
gbsA,-1.139445247
yqjT,-1.139369242
thiE,-1.138465273
bshBB,-1.138112898
yhdN,-1.137727075
ydaC,-1.137188014
yqgC,-1.136228785
mgfK,-1.134844794
ywaD,-1.134735993
fliD,-1.133011442
yitS,-1.129935941
hisJ,-1.127849539
galE,-1.125862328
ycnJ,-1.122998275
dinB,-1.122303749
bshR,-1.119128196
ytpR,-1.118989547
yrvM,-1.117780139
minJ,-1.117388024
glcD,-1.116942695
gndA,-1.115215252
flhF,-1.114304594
ypqE,-1.111784926
ytkL,-1.111057008
ftsH,-1.108956788
yusV,-1.10859427
ytrF,-1.108296633
aag,-1.108061198
yceE,-1.10566167
ydcF,-1.10556093
lysA,-1.10186987
thrC,-1.099749729
malA,-1.099055735
odhB,-1.098903911
rpsI,-1.098753826
ydaS,-1.096964096
ydgK,-1.096592313
lutC,-1.096454779
yqjN,-1.094870494
ywdE,-1.09305516
ecsB,-1.091398366
bceR,-1.090417869
mtnD,-1.089974455
aldY,-1.089105578
yczE,-1.088179125
ydaF,-1.087145226
rimI,-1.086398812
menB,-1.085366783
yhdI,-1.084840772
gcvPB,-1.084415501
sacX,-1.084062744
rseP,-1.080092461
fliP,-1.079389462
cpgA,-1.078304212
yhdH,-1.078209353
yuzB,-1.076626923
gudD,-1.076479122
recQ,-1.075640542
xkdH,-1.075611374
yjbI,-1.075550877
ydiK,-1.072475115
dagK,-1.071506427
tatAY,-1.070846487
araM,-1.068788073
yfjA,-1.068509851
prpC,-1.065995005
bcaP,-1.064904511
cshA,-1.057632951
sbcE,-1.056024426
xynP,-1.053726872
ebrB,-1.053216063
lrpC,-1.053090015
yvzG,-1.05250136
bmrR,-1.050886904
yvbU,-1.047153403
cysJ,-1.04654064
yfhP,-1.045798875
yazA,-1.045324644
mcpA,-1.044480139
tgt,-1.044138422
yviE,-1.043666924
yclM,-1.043320101
amhX,-1.043223421
yneA,-1.04220102
lutB,-1.041238261
amyD,-1.040875083
araB,-1.040771625
yjgB,-1.040351747
glmS,-1.040120111
fliF,-1.039736805
xkdJ,-1.039588717
aroB,-1.039523922
crcBA,-1.038776273
ycnI,-1.037765443
cysI,-1.037155106
xkdR,-1.036288356
ytoP,-1.035882856
yvfI,-1.035246164
gbsB,-1.034726074
ymzE,-1.03273359
fur,-1.032665657
rdgB,-1.031772878
ecsC,-1.03102234
licT,-1.028715052
opuD,-1.027634016
ycbJ,-1.025013155
yjiC,-1.023237155
mcpC,-1.02176011
yceB,-1.021009601
desR,-1.019442392
rnz,-1.019114537
yusY,-1.017906926
yxiM,-1.01703281
eag,-1.01642272
BS3610_RS23350,-1.013625868
mnmE,-1.01290686
araD,-1.012550576
yheN,-1.012449095
msmX,-1.011360211
amyC,-1.009113976
obg,-1.009099503
swrC,-1.008807836
prkC,-1.008008313
nagR,-1.007811471
ycbN,-1.007763768
rsbW,-1.006616442
walH,-1.004709354
sfp,-1.001994402
ywcH,-1.001498557
znuB,-1.000166234
rtbI,-0.999681154
pepF,-0.999470098
rsbT,-0.998894828
dck,-0.996917669
mnmA,-0.996046424
lmrA,-0.995882155
flgC,-0.995447511
yubD,-0.995079142
yfmK,-0.995002363
gmuB,-0.994078705
recG,-0.991734452
yfjD,-0.99072524
yurR,-0.990104795
yvfS,-0.989232472
ywbD,-0.988067478
rlmN,-0.987380159
sdhC,-0.985387038
yqjF,-0.984937337
tyrS,-0.983830243
lytS,-0.983516075
yhaH,-0.983424788
lctP,-0.983246493
ugtP,-0.982988697
xkdU,-0.980434336
yqkB,-0.980293308
ydaT,-0.98021304
nagA,-0.979990952
rbn,-0.974369012
yhcX,-0.974318794
rny,-0.973842425
ftsX,-0.973174611
lonA,-0.972702718
mleN,-0.972700273
ypbD,-0.972442282
rsbV,-0.971957181
ywtE,-0.97097399
lytT,-0.970590868
yvfU,-0.970152394
ydbJ,-0.969721864
yloA,-0.968394266
ilvA,-0.967374847
spo0E,-0.966915302
BS3610_RS23545,-0.965768519
dfrA,-0.965587995
ganB,-0.964798379
gntP,-0.96352603
yesS,-0.962034295
tdh,-0.961915345
bmrA,-0.961573176
ywzG,-0.961116361
ybbR,-0.960311691
yqxC,-0.958796951
rocG,-0.958665812
ykuP,-0.957632864
yfiJ,-0.957375707
hemAT,-0.954924534
rsfS,-0.952944322
bkdAB,-0.952591821
yvrP,-0.952311206
trmF,-0.952034599
xtmB,-0.951615718
mmr,-0.951192909
lytC,-0.949484532
ycbU,-0.94901119
ywrC,-0.948728192
ypdQ,-0.944441452
ylbM,-0.944215342
lexA,-0.942722054
sigB,-0.941951828
gatB,-0.941802051
pyk,-0.941403738
uvrX,-0.939865684
smc,-0.939397295
ywrO,-0.938336222
mdxE,-0.938099249
yabM,-0.937674796
glmM,-0.937218899
sftA,-0.935959362
serS,-0.935414831
hxlB,-0.933906893
yhjB,-0.932637781
yfjP,-0.929518181
ytrB,-0.929404914
ywbO,-0.929326535
yhdP,-0.926451888
proA,-0.926290055
yycS,-0.92614875
ytnA,-0.922762238
rhaA,-0.922147228
ywtF,-0.921941061
yqkC,-0.921835906
yhcJ,-0.920788205
yrkE,-0.91980353
galK,-0.91966867
yjkB,-0.918675132
yusT,-0.915141972
nagBA,-0.914269159
lepA,-0.913607372
tagH,-0.910945255
ftsE,-0.91016683
deaD,-0.908915689
tenI,-0.908870256
gcvPA,-0.906286008
appF,-0.905604887
yweA,-0.903700351
gpsA,-0.903502442
speE,-0.903426313
fadE,-0.903133889
yczJ,-0.902450035
yhaZ,-0.901849037
yaaI,-0.90135337
ylxL,-0.900966224
yfiK,-0.900719398
nnrA,-0.900078503
ribC,-0.899917302
mdxF,-0.899251118
yunE,-0.898874193
acuC,-0.897878937
dxs,-0.897656398
yjiB,-0.896698774
comZ,-0.896520233
rsbP,-0.896312065
yrhO,-0.894855642
xkdF,-0.894698337
uvrC,-0.891982164
lrgA,-0.89007204
abnA,-0.888776069
yfkJ,-0.888696026
yobU,-0.887786391
xkdG,-0.887687877
rapB,-0.887075082
pheT,-0.886984504
xkdX,-0.8862994
thyB,-0.885962151
oppC,-0.885666534
ytcI,-0.885378581
sacC,-0.885311985
tsaE,-0.88510181
mtnU,-0.884762304
ppaX,-0.879717344
proB,-0.879193516
yitL,-0.878902936
yeaD,-0.877327293
yvaD,-0.875969246
yflP,-0.875451294
hemY,-0.874513213
ylbG,-0.873350841
aroF,-0.87275514
ylaC,-0.870974207
yjcF,-0.870023621
ymfH,-0.868161497
BS3610_RS18875,-0.868079266
yfkT,-0.866444119
yfjB,-0.86580645
gudP,-0.865707282
rpe,-0.864042428
trmK,-0.862376203
yvfH,-0.862040833
yhaO,-0.860985322
yugH,-0.859180899
ysfE,-0.858824594
hisS,-0.858591643
fni,-0.856552505
minD,-0.856184955
htpG,-0.856041085
etfA,-0.855151759
parC,-0.854908567
thrS,-0.854876624
yuiH,-0.853928031
hemH,-0.85358242
pssA,-0.853503897
tpiA,-0.851690802
gmuG,-0.851384555
bipA,-0.849704015
yoaA,-0.848781296
nupC,-0.848536848
yoqE,-0.847634121
rluD,-0.84663986
glcR,-0.846270646
degS,-0.84523548
ltaSC,-0.844130912
yaaB,-0.844113286
htrB,-0.840014378
yvdD,-0.839574336
yqgM,-0.839349674
purR,-0.838102084
ylmE,-0.83750562
hag,-0.837326746
araA,-0.837296638
yhfP,-0.836132274
yvaQ,-0.836073453
ptkA,-0.835290552
ywjH,-0.834998914
rsbX,-0.834327162
ynbB,-0.834318901
yqfO,-0.834197558
treA,-0.832667262
yvgT,-0.832464919
recX,-0.832074119
yxkF,-0.831668504
yjcG,-0.831071857
yttB,-0.829708526
rsmI,-0.829079789
prmC,-0.82890912
yxjM,-0.825140065
mutM,-0.822116368
csbD,-0.82148219
acpS,-0.821190346
ycsD,-0.820948178
tatCY,-0.820718936
clpY,-0.819416543
dsdA,-0.818848746
lplJ,-0.817187161
ypcP,-0.815629705
cheR,-0.815581982
resE,-0.81359722
yeaC,-0.812393347
rodA,-0.812091785
msmE,-0.810634817
yfhK,-0.810157171
yvcJ,-0.809169917
ydeF,-0.809156063
ykhA,-0.80912121
yhaA,-0.808742858
ktrD,-0.808598555
ytzA,-0.808108885
ysgA,-0.806974925
senS,-0.806838832
prfA,-0.806536728
rsbQ,-0.804878873
ftsY,-0.803742343
yqkA,-0.803229978
ydaL,-0.802992035
xkdN,-0.802365394
citS,-0.802061707
xtmA,-0.800639884
ypoC,-0.799406189
yhfE,-0.797922317
sbcC,-0.796534252
yaaK,-0.796452621
yycI,-0.795155405
BS3610_RS20995,-0.795152296
ywiE,-0.794954564
rnhC,-0.79482521
yhbI,-0.793089531
thiO,-0.792176604
upp,-0.791069156
nrdI,-0.789985947
degA,-0.789571783
fabL,-0.789316438
yocS,-0.788999253
yybC,-0.785918568
licH,-0.785280145
parE,-0.783874575
aroH,-0.782328635
yfiR,-0.782038281
uxaC,-0.778923197
yvrD,-0.778203754
dnaI,-0.776834144
ywgB,-0.776249265
ezrA,-0.775111967
uppP,-0.775066752
ybfM,-0.77400047
yojF,-0.773151282
rpfA,-0.7716648
yjcO,-0.771443881
yeeI,-0.771062614
yulF,-0.770923408
tenA,-0.769893036
nrdR,-0.767842894
tuaG,-0.767618157
yvfT,-0.765259209
bglS,-0.7643224
dusB,-0.764064656
ycnC,-0.76396938
yusU,-0.76388733
bltD,-0.762749571
yesO,-0.762747027
ykuO,-0.762492255
relP,-0.761406809
ydaG,-0.759933956
pgl,-0.758205268
thiL,-0.757693162
cysL,-0.756867796
ybgG,-0.756299499
ysxB,-0.755179668
rpmA,-0.755160638
yneR,-0.754342003
hprT,-0.753492867
yotC,-0.75227527
gmuA,-0.752073998
yvrA,-0.752033917
trmB,-0.751502173
ymdB,-0.751227336
clpQ,-0.750590841
bkdB,-0.749329882
btr,-0.748813348
znuC,-0.748781381
yqbM,-0.747890872
BS3610_RS23330,-0.747364397
lysS,-0.747187432
csbX,-0.746297743
yclK,-0.746003752
bshC,-0.744345715
BS3610_RS16320,-0.744013399
treP,-0.743839034
folP,-0.743783693
ylaH,-0.743685519
yfnC,-0.743251025
gudB,-0.742935251
rnjA,-0.742722603
ykpA,-0.741528491
gatA,-0.740989747
yfkF,-0.739940838
phoR,-0.738524589
rbgA,-0.738472574
recR,-0.737071428
nagP,-0.736782957
ytsJ,-0.736716392
ylxX,-0.736297596
ylqH,-0.736011751
yisV,-0.73456881
fliE,-0.734361241
ylqB,-0.734328256
prs,-0.732259107
xkzB,-0.731478462
flgM,-0.729213337
yosK,-0.728301014
dnaC,-0.727947193
lysC,-0.727779281
ytrP,-0.727513711
rocR,-0.726780654
ybfQ,-0.726587729
recJ,-0.725280886
nasF,-0.724699075
scpA,-0.724244624
wprA,-0.723569714
ycnK,-0.722304377
ftsZ,-0.721255936
ahrC,-0.720542381
trmD,-0.720490773
hprK,-0.72006908
xkdO,-0.719450187
ymfF,-0.718698052
yclJ,-0.718437278
yflA,-0.717914377
ispF,-0.71761613
yxiC,-0.716547805
yutI,-0.716064652
ypzC,-0.714450779
ypgQ,-0.714250698
yvbH,-0.713361318
glnL,-0.712999406
ykwC,-0.712987771
yvdC,-0.712613003
rhgH,-0.710761949
yfiZ,-0.709264364
ponA,-0.709134829
yddC,-0.70846259
rhgX,-0.708348736
yuxL,-0.707431282
rsbU,-0.706186363
yeeF,-0.70611901
ytjA,-0.706028621
odhA,-0.70538402
yvbK,-0.705380558
rplM,-0.703877311
walK,-0.703545651
ctc,-0.70237358
yfhC,-0.70183286
BS3610_RS18670,-0.701809184
ycdB,-0.701590721
lytF,-0.698357284
yxaH,-0.698258124
yojO,-0.697122883
coaBC,-0.696988317
treR,-0.69463221
topA,-0.693262577
ydcG,-0.693126499
ywdJ,-0.69274135
tagB,-0.692504538
yraI,-0.690808311
yvbF,-0.69069508
ytxD,-0.689618704
licR,-0.687233458
clpC,-0.686397332
ytnP,-0.685111197
pbpC,-0.684765355
rbsR,-0.684140893
BS3610_RS23915,-0.683317968
tmk,-0.68176607
ylmH,-0.681456388
yerA,-0.681181901
ylmG,-0.680782879
ywoG,-0.679359771
bsuMA,-0.678592755
ytjP,-0.678579424
yfhL,-0.678549085
yflH,-0.677413749
resD,-0.677354143
jag,-0.676307482
ypbE,-0.675158876
sepF,-0.675014951
xkdK,-0.674990523
etfB,-0.673688331
recD,-0.672569915
rlmB,-0.672489839
yugU,-0.672129437
ycbK,-0.671271078
pit,-0.671248123
yfiV,-0.670988571
yebG,-0.670327871
pbpH,-0.670027877
aroC,-0.669812755
lytB,-0.669215011
ywqC,-0.668849091
gcvT,-0.668564163
xkdB,-0.66842164
BS3610_RS23375,-0.666867827
alrA,-0.66462196
ydhC,-0.663728512
yyaK,-0.663688638
ypjP,-0.663363849
ykkD,-0.662436973
dacC,-0.662032462
yvcD,-0.661552176
ypiP,-0.66046192
ywsB,-0.660375627
gtaB,-0.659698356
argI,-0.65916748
ganA,-0.658903052
tkt,-0.658382086
ydzK,-0.658096779
nupG,-0.657101193
yneI,-0.656883125
qodI,-0.655822403
yqjL,-0.655816411
deoC,-0.655564058
holB,-0.65492609
noc,-0.654066182
yqeG,-0.65359258
moaB,-0.653277372
pncB,-0.652535397
yfmL,-0.651965216
yrdP,-0.651964484
ytkP,-0.651043947
yoqN,-0.650548033
rpoC,-0.649875677
yjhA,-0.64784368
yfmC,-0.64770184
mnaA,-0.647278365
ctaD,-0.646913929
mdr,-0.645033141
ctpA,-0.644859711
araP,-0.644404048
fabG,-0.644015443
yfiS,-0.642302157
ytrC,-0.641795587
nadE,-0.641765169
yjgA,-0.641688247
yfkI,-0.640117076
ykbA,-0.63927212
pabC,-0.639249895
pepT,-0.639126719
penP,-0.638791375
folEA,-0.636942694
bacG,-0.636877177
ureC,-0.636336108
ytrD,-0.634399401
cshB,-0.634263556
pdhC,-0.634152949
bcd,-0.633901321
BS3610_RS09150,-0.633882861
xkdP,-0.633339368
xhlA,-0.632871691
ytxB,-0.632845606
ywjI,-0.631299777
ruvB,-0.630998805
yybE,-0.630336834
panB,-0.629381238
ytpB,-0.62919468
engA,-0.627610162
yydK,-0.627200824
ydeD,-0.627020198
niaR,-0.626413093
mapB,-0.62592765
ywdD,-0.625032008
lytR,-0.624875501
yhfI,-0.62419578
ytpP,-0.624183589
lgt,-0.623763505
gmk,-0.622217568
BS3610_RS13215,-0.621494253
lutA,-0.621437121
ywzA,-0.621279651
maeN,-0.619999351
ytdP,-0.619534016
yitH,-0.619469201
yfkD,-0.619235636
tuaD,-0.618668792
med,-0.617135066
yxjL,-0.615617027
nupN,-0.615380794
gltB,-0.61485809
tlpA,-0.614656811
yhcR,-0.61340144
murAB,-0.613007837
ytpA,-0.611809152
ksgA,-0.611645131
gmuD,-0.611235047
ganQ,-0.610142704
nucA,-0.610132874
ygaF,-0.609893288
yabD,-0.609196696
nsrR,-0.608780812
yqfG,-0.607261041
yjzG,-0.606045559
pgsA,-0.605810796
yxcD,-0.60551611
yuzD,-0.605269914
levG,-0.604043481
BS3610_RS23455,-0.603285583
yvcT,-0.603240332
serC,-0.602882713
defA,-0.602833794
dynA,-0.602590798
ywnB,-0.601288937
yufK,-0.597400022
yqjE,-0.596350167
yjlB,-0.596133842
yjqB,-0.595621101
yisX,-0.594948569
ytaP,-0.594884946
rex,-0.594767945
purT,-0.592679734
hom,-0.592555068
mutS,-0.59216131
ynfC,-0.591389394
comFC,-0.588752159
yqeM,-0.588306701
yabJ,-0.588058453
cyeB,-0.587635319
acuA,-0.587093846
gyrA,-0.585811007
yhdR,-0.585687855
serA,-0.585158894
ypvA,-0.584609098
yxcE,-0.584608414
yozG,-0.584583296
yvzE,-0.584449387
cdnD,-0.584025475
polC,-0.583854983
yobQ,-0.583345029
rarA,-0.583286838
yetN,-0.583088023
rhgT,-0.583004673
ogt,-0.582538428
ylzA,-0.581885696
ydzE,-0.581551543
msrB,-0.579743721
ald,-0.579350717
yxbF,-0.574844564
ywdH,-0.574699102
pabA,-0.573981994
yqxL,-0.573653405
mobA,-0.573107535
yhfK,-0.571642122
manP,-0.571392544
ykrA,-0.570978685
yqgQ,-0.570292585
sufA,-0.56857674
yrvJ,-0.568183679
dnaE,-0.568061813
rapG,-0.567318586
xepA,-0.56711666
acuB,-0.566720851
yvgK,-0.565163196
yvgL,-0.564781455
yoqW,-0.563415589
yqiG,-0.561811218
ycbM,-0.561158022
yugJ,-0.560899854
ctaB,-0.560181412
yvdB,-0.559986138
ykuN,-0.558590128
gltX,-0.557544659
pnpA,-0.557020713
sacY,-0.556932706
ureB,-0.556870792
rpsK,-0.556857353
ydbB,-0.556830737
yrhF,-0.555509777
ytcP,-0.555246893
ydaO,-0.553620511
mstX,-0.553380277
yfkA,-0.552098836
yfhB,-0.551932045
fumC,-0.551689601
atpA,-0.551394863
yusP,-0.550918988
pnbA,-0.550256074
ydaK,-0.548662847
rplGA,-0.548625986
yhdV,-0.54812408
rhgP,-0.547786398
fabD,-0.547749895
yrzB,-0.545621896
ytfP,-0.543858685
yrkP,-0.543366426
ytzB,-0.542966623
yjlA,-0.542899535
mdxD,-0.542434772
valS,-0.542017662
nfrAA,-0.541484416
BS3610_RS23265,-0.540906759
yshE,-0.540179484
yugP,-0.539947621
ykcB,-0.539545522
yitI,-0.539319439
ykwD,-0.538899609
yjcH,-0.538825245
yckB,-0.538652214
tuaC,-0.538305938
pepA,-0.537613161
glyQ,-0.537578958
ykuE,-0.537277335
ykzK,-0.537075626
yqeK,-0.536833355
gsaB,-0.533988697
pstBB,-0.532829048
pbpD,-0.532249443
ydbK,-0.530700252
yjcK,-0.529228214
resC,-0.529015975
hepA,-0.528330177
ybcL,-0.528075885
yvlC,-0.527789883
ypmS,-0.52771913
yqeH,-0.526910392
pbpA,-0.523553253
yqkD,-0.521609903
iscSA,-0.520566507
yomH,-0.519575875
yoeA,-0.517370934
yodF,-0.517170879
ppsA,-0.517037093
ebrA,-0.516173613
xylB,-0.515397784
rpoB,-0.514409111
ydbC,-0.513613246
yvbX,-0.513404659
ltaSB,-0.513371551
maeA,-0.512677591
yqgL,-0.512205776
qdoR,-0.511742448
yhaM,-0.511381429
feuB,-0.510144885
ykvY,-0.509440521
pduO,-0.509197588
ywbF,-0.509042482
araE,-0.508771784
mta,-0.508467969
mcsB,-0.508122986
glyS,-0.50664708
pucR,-0.505994018
greA,-0.505468773
tetB,-0.504100985
ycxD,-0.503680451
rplI,-0.502026886
dapB,-0.500507714
rph,-0.500484111
tcyB,-0.500411385
hepT,-0.499826434
rnr,-0.499816506
yfiM,-0.49961809
ytqB,-0.498951874
yxeK,-0.49869156
sucD,-0.498528151
dacA,-0.498500232
yvkA,-0.498369365
ppsB,-0.49831915
ansB,-0.497158403
opuAC,-0.496252593
mtnA,-0.495215213
atpC,-0.494863322
yhjP,-0.494763889
yrbE,-0.494338238
yqeF,-0.493500156
tagC,-0.493353183
xhlB,-0.492692172
cssR,-0.492581682
yeeK,-0.492495615
ptsI,-0.492278445
yfhH,-0.492143084
tuaE,-0.492055381
yisR,-0.491109076
ypkP,-0.490742269
bacB,-0.490492106
speD,-0.490416289
bkdAA,-0.489976221
ycgR,-0.489272003
citR,-0.489234857
yccK,-0.489096136
ykvZ,-0.487737267
yyzO,-0.487673697
yesV,-0.487478702
ykoW,-0.487341836
yncC,-0.487149983
clpX,-0.486863222
yckA,-0.485591043
yngB,-0.485319152
bacE,-0.484948024
mdh,-0.483040656
gcaD,-0.482505325
fbaA,-0.482119989
gmuC,-0.481995364
ypbS,-0.481726263
fliW,-0.480920111
malS,-0.480759272
dnaB,-0.480061287
ycsE,-0.479811519
accA,-0.478988385
qoxC,-0.478691075
pstA,-0.477857819
aroD,-0.477351527
atpD,-0.476359616
tlpC,-0.475238295
kipI,-0.475106002
ywdK,-0.474949056
yitU,-0.474675975
acoC,-0.474267419
nupQ,-0.473494278
yraJ,-0.473171162
cheV,-0.470476098
mtnK,-0.47001062
comFA,-0.469978111
ywkD,-0.469897584
spoIISB,-0.468468683
iolS,-0.468255343
rhgZ,-0.46769554
ydhJ,-0.467075461
fadN,-0.465259077
xkdM,-0.465182224
sipS,-0.463516448
folC,-0.463237229
yesU,-0.462638519
srtA,-0.459451558
yfjC,-0.458540599
pyrG,-0.455499459
yfkR,-0.455201345
metS,-0.454486591
ydcH,-0.453964774
yneQ,-0.453809104
yvaF,-0.452721501
pstBA,-0.452007656
ygaC,-0.451330716
yvrB,-0.450459789
ytxJ,-0.450359035
tuaF,-0.448157391
ysnB,-0.447944197
coaX,-0.446917852
yqiW,-0.446260413
ydeO,-0.445317354
yorE,-0.444788399
yhdT,-0.444539868
rsbRC,-0.443177564
srtN,-0.443129026
yfnB,-0.443054552
yvbJ,-0.442593511
ydfA,-0.441013905
ymaB,-0.439964251
manA,-0.439382921
yxeN,-0.439364536
yusZ,-0.439006068
yxaC,-0.437806255
yxkH,-0.436843993
ywhA,-0.436632839
licA,-0.436066256
yvcI,-0.435487567
yutF,-0.434756665
ykgA,-0.434050242
copB,-0.433369058
walR,-0.433260529
ppsC,-0.431951642
leuS,-0.430621767
yqhT,-0.429852283
prsA,-0.428823559
acoL,-0.427377214
ytvA,-0.427194547
yyzN,-0.426345604
yfhM,-0.425833038
divIVA,-0.42566614
nfo,-0.425036734
maa,-0.424995152
yoqD,-0.424550115
yhcT,-0.423889235
fadH,-0.423066408
yuaD,-0.423056795
yflT,-0.422756522
ybxI,-0.422272397
yesY,-0.421861825
mtaB,-0.42157895
bacC,-0.421477969
sdaAB,-0.421216472
yktA,-0.419554
rsmG,-0.419307435
yczI,-0.4192704
ribD,-0.419236821
atpE,-0.41624207
ybyB,-0.415372949
rhgW,-0.414619119
qcrB,-0.414595138
yhcH,-0.414453832
htrC,-0.414399203
ydcP,-0.413762078
polA,-0.413593254
yojA,-0.413389368
codY,-0.413168772
rhaU,-0.410844678
yvkC,-0.41057655
pbpF,-0.410499114
ykqA,-0.410089908
yunF,-0.409952112
accC,-0.408968171
ganP,-0.408327569
fabF,-0.404162723
gmuR,-0.404063864
yraB,-0.404013047
yjqA,-0.402438984
proI,-0.402040101
yezC,-0.401917636
BS3610_RS24670,-0.401156168
ymfM,-0.401044864
ytrA,-0.400811275
aroK,-0.400809938
pdhD,-0.40069524
yhjC,-0.400560859
qoxB,-0.400523896
yqkF,-0.40040776
metA,-0.400273149
xseB,-0.400078583
yvpB,-0.399909006
yvaE,-0.397790032
dnaD,-0.397330043
ycsI,-0.396700372
pfkA,-0.395285827
ybgF,-0.394768338
mhqA,-0.394643427
yrkL,-0.394101354
BS3610_RS23900,-0.393679151
tagD,-0.393574485
dnaJ,-0.393085017
ydzF,-0.392679702
oppA,-0.392520514
levE,-0.391168566
yraA,-0.389737306
BS3610_RS24435,-0.38905644
glnA,-0.388730898
yflD,-0.387864972
ureA,-0.387544349
citB,-0.387272945
ycsN,-0.386431363
bshA,-0.385946534
rpoZ,-0.385874596
ybxG,-0.383544124
ansZ,-0.383057597
ctaE,-0.382946576
yvyC,-0.381578013
fadB,-0.381486919
cydA,-0.38063071
levF,-0.379045066
glyA,-0.378816197
yqfF,-0.377626984
ykoI,-0.376222621
yfiY,-0.375625734
gabP,-0.374666547
yrrB,-0.373873483
ywlA,-0.37300723
ytlQ,-0.372671167
yvhJ,-0.371200612
ycnL,-0.370811442
rhaB,-0.370314057
ampS,-0.369418497
ypmT,-0.369337439
yokB,-0.369161251
ydeN,-0.368525958
thiW,-0.36838981
yvlD,-0.366660704
adaB,-0.36528758
mhqR,-0.364075292
malP,-0.36376313
yitW,-0.363283677
yhfS,-0.363203581
rsmD,-0.363059682
ytxH,-0.362642757
secDF,-0.361789997
glnJ,-0.361500756
yfiN,-0.359182618
yaaO,-0.358277721
ecsA,-0.357544319
yacL,-0.356862871
cycB,-0.356466655
pcp,-0.35516087
ydbT,-0.353798103
ytxK,-0.353309574
helD,-0.349645887
yoxB,-0.349636472
yugS,-0.349274315
pdhA,-0.349196193
opuBC,-0.34882355
ypdA,-0.348404744
miaB,-0.348393968
bsdC,-0.346033407
hisC,-0.345425908
nhaX,-0.345271195
ybbP,-0.344595195
mrpA,-0.344533295
ywqE,-0.34403973
qoxD,-0.341993217
nadD,-0.341438566
ppsD,-0.34142208
ribE,-0.341380946
mreC,-0.341351132
iscSB,-0.338965826
yutE,-0.338770224
pucL,-0.338428552
ytqA,-0.338381807
yjpA,-0.337521093
tilS,-0.337166556
phrG,-0.335413475
ybbA,-0.335246477
yfmO,-0.335041431
sipT,-0.334401246
ytgP,-0.333970928
ileS,-0.333967187
yclD,-0.333416717
yceC,-0.333268499
yqgV,-0.33162259
ynzC,-0.330743554
yojK,-0.330542369
ydjE,-0.329999475
priA,-0.329980342
ywqL,-0.328760775
pdhB,-0.326463022
yacP,-0.32613443
yxiP,-0.325838788
asnS,-0.324872527
ansA,-0.321988969
yclE,-0.320888823
yfkS,-0.319614348
mgsA,-0.31811102
ycgJ,-0.317116776
trpS,-0.313315691
xkdV,-0.312936781
yrrS,-0.311379253
ytkK,-0.309668099
feuC,-0.309260072
xkdE,-0.308386447
opuAB,-0.308198989
putC,-0.308005898
clsA,-0.307129552
mreD,-0.306996934
yrpB,-0.3059502
yoaT,-0.304769817
yosS,-0.302528261
pucE,-0.302330259
dhaS,-0.301944781
ywnH,-0.300936778
bceB,-0.3006021
ydaH,-0.299037479
ltaSP,-0.29890592
yjcQ,-0.298833252
yulB,-0.297110576
yjfB,-0.296990968
parA,-0.296960346
desK,-0.296949105
ywqM,-0.296180396
ykkC,-0.295992824
copA,-0.295462818
kipA,-0.295324576
buk,-0.294967612
hemQ,-0.294763886
rplQ,-0.294598752
ytiB,-0.293953732
yczH,-0.293376392
oxaAA,-0.293146823
araR,-0.292955467
yneT,-0.291865476
metE,-0.291396192
pgi,-0.290867101
ytoA,-0.289645095
BS3610_RS24580,-0.289165838
ywrF,-0.288161833
ylxW,-0.28618893
yqzF,-0.285816857
accD,-0.285584431
yoyD,-0.284789768
yobM,-0.284371865
ycgQ,-0.283598075
acoB,-0.283084308
artR,-0.283043057
ybaS,-0.282233071
pncA,-0.281651891
ywbI,-0.281120239
ispA,-0.280013888
yndB,-0.279414771
yrkN,-0.278312916
rttF,-0.278003054
parB,-0.277850624
appA,-0.277721727
amyE,-0.277140257
ydjC,-0.276967357
yyaH,-0.276827674
yazB,-0.276760515
ppaC,-0.276289031
liaS,-0.275263991
bmrU,-0.274698968
holA,-0.273677711
coaD,-0.271598993
ydeR,-0.270428851
yknV,-0.270155908
ymfI,-0.270032027
yxkA,-0.269108055
nupP,-0.269085216
yqjX,-0.268692748
rho,-0.267709263
iolR,-0.264333199
hmoA,-0.264014176
rocA,-0.262981267
ybgA,-0.261868715
ywcJ,-0.261731261
yvyI,-0.260151026
rpmGCa,-0.259311436
yisT,-0.259218937
ywmE,-0.258332174
ytoQ,-0.257918458
yvcP,-0.257746766
yhjA,-0.25703559
yxeH,-0.255402258
yxeO,-0.25427933
yxeB,-0.253342148
lipM,-0.252348035
ydjI,-0.251641756
efp,-0.251535282
ypjA,-0.251235627
rttM,-0.250343628
levB,-0.249439113
ykrP,-0.249068366
ydaM,-0.24807068
lytA,-0.24583557
appD,-0.245291125
yjdF,-0.244916425
oppB,-0.244596751
pdxT,-0.244299101
adhA,-0.243780617
gntR,-0.239686303
yrrO,-0.239563197
tuaH,-0.238772358
ydbA,-0.23731873
BS3610_RS24220,-0.236981628
cca,-0.236413136
yqjZ,-0.235439748
yydB,-0.234715774
ohrB,-0.234494718
pbuO,-0.234114832
yuzG,-0.233689281
yxiO,-0.233621359
sigA,-0.233030944
yvzF,-0.2329816
alsR,-0.232413325
yppF,-0.230797062
yclO,-0.230237691
pucK,-0.229269962
ltaSA,-0.228608062
folK,-0.228208077
yvyE,-0.22741745
atpG,-0.227228455
yhcI,-0.226403011
malR,-0.225256099
rsbRA,-0.225002901
gltA,-0.224090069
yybO,-0.223740602
yacD,-0.223110882
glpF,-0.222796767
csrA,-0.22189412
yosP,-0.221754107
nrdEB,-0.221648235
capB,-0.22156993
rocE,-0.221470877
proG,-0.219293353
dgkA,-0.21926499
menH,-0.219005484
fruK,-0.218620422
ybfA,-0.216738072
ilvB,-0.215794632
ywqO,-0.215565761
yvrH,-0.21414025
aspB,-0.213381644
rlmCD,-0.212855483
yfhO,-0.212828942
ohrR,-0.212488813
ybaC,-0.21234062
yurT,-0.211568865
ydbI,-0.20955648
ykzC,-0.209026716
manR,-0.208959385
yycB,-0.208761104
yqjD,-0.208704115
yukJ,-0.208054079
yfmF,-0.207900516
ybbK,-0.207810317
appC,-0.206866249
truA,-0.206798107
yonA,-0.205434716
ssbA,-0.20471568
msrA,-0.204082772
rpsM,-0.201157298
csoR,-0.200730785
hslR,-0.200407507
yphF,-0.199806947
yfkC,-0.199503072
htrA,-0.19928046
yrkO,-0.198474444
ydfG,-0.198329643
yxzK,-0.198311569
cysS,-0.19827672
licC,-0.198106698
rplL,-0.196189714
ddl,-0.194870018
ylxR,-0.194661186
tagG,-0.192683493
ftsR,-0.192613793
yrrK,-0.190790618
flgB,-0.18895957
nupO,-0.188450898
ylbL,-0.187116264
bacD,-0.184315755
BS3610_RS01320,-0.183913469
yyzE,-0.181149802
pksB,-0.180923322
icd,-0.179919831
ycsG,-0.177982019
yisB,-0.177792784
cssS,-0.177099251
gltP,-0.176303535
ypwA,-0.175402113
yrkQ,-0.173742194
cimH,-0.172654701
ydfE,-0.171312401
fabZ,-0.171214361
ywjG,-0.169969026
ywqI,-0.168969303
phrH,-0.168220838
glpW,-0.168001982
yabR,-0.165985991
yneN,-0.164890167
rpoA,-0.163369738
ywzC,-0.16285752
ywlE,-0.162407715
cwlO,-0.162125938
xkdA,-0.161899386
folD,-0.16179343
nudF,-0.161297382
ysdC,-0.160268109
yjcP,-0.158551701
yqxG,-0.157780034
thiG,-0.157606502
BS3610_RS19415,-0.156669255
ywqG,-0.155740281
BS3610_RS23245,-0.154840056
yveG,-0.154831948
yoqG,-0.154314833
ydfI,-0.151911627
yngC,-0.151612552
feuA,-0.148825961
ylmA,-0.147629019
mrpG,-0.146884748
comGE,-0.145868343
BS3610_RS24375,-0.144727906
sucC,-0.144371899
rnmV,-0.143667002
dat,-0.142737978
yycR,-0.14178683
ywiC,-0.141574907
des,-0.140962787
yxeP,-0.140512258
glcT,-0.140341527
yueF,-0.137912769
opuCD,-0.137589677
yhjM,-0.136993691
ppsE,-0.136579583
yqfA,-0.135450389
yebE,-0.135217903
yjbB,-0.135036179
yxeI,-0.134901019
guaD,-0.134280044
speA,-0.134184873
rimM,-0.133108967
yoaH,-0.132811177
ecfT,-0.132554978
ptsG,-0.131545678
rttN,-0.130216675
ysaA,-0.130144496
yisK,-0.128599991
ycbR,-0.128005346
yloV,-0.126845203
yaaL,-0.126025003
yveF,-0.125356746
atpH,-0.123000845
bioYB,-0.122826852
cysE,-0.122443625
ygaD,-0.118399244
tcyC,-0.118389225
aroA,-0.117858471
frlR,-0.117835094
ctaC,-0.117247681
ctaG,-0.117201498
yocK,-0.116451556
ylmD,-0.11547524
lpdV,-0.114450537
tufA,-0.114269494
yfhJ,-0.114243697
bceA,-0.114055455
mreB,-0.111534953
dctB,-0.111401124
gsiB,-0.110903826
rhaD,-0.110217788
xynC,-0.109451087
yisL,-0.109070443
fabHA,-0.108882182
yydA,-0.108697754
ydgE,-0.105943177
ykoH,-0.105631065
hutI,-0.105299702
yjzI,-0.104216912
liaF,-0.104055463
hflX,-0.102624693
yqhY,-0.102168625
yosF,-0.101811603
yxjJ,-0.101231808
ilvC,-0.100662538
dnaX,-0.099975111
groEL,-0.099593855
sspL,-0.099580107
qoxA,-0.099173176
ackA,-0.099084067
yqhL,-0.097325844
rpsP,-0.096970423
yvrC,-0.096661828
pabB,-0.096383058
galM,-0.094316744
ykuG,-0.093114554
ndoAI,-0.091724754
cydD,-0.090722708
yvgN,-0.090530211
bsuRB,-0.088855752
ylaN,-0.088814601
hutU,-0.088769375
rplB,-0.086499038
ymaD,-0.086273293
yvzH,-0.084756557
yaaA,-0.083563187
atpF,-0.083510963
ecfAB,-0.083454625
yueD,-0.08317804
smpB,-0.083001379
fruA,-0.081508206
yqhP,-0.079977285
purD,-0.079346112
ypsA,-0.079167565
trpP,-0.077449069
rluB,-0.077113273
ydgG,-0.077000498
yxeF,-0.076176696
ybdJ,-0.076083392
yxkI,-0.075708882
yetK,-0.07565931
ykfD,-0.075357426
yhaU,-0.072740542
yezG,-0.072687064
rplO,-0.071421437
divIC,-0.071271765
pksD,-0.070871578
yvyF,-0.07029094
yugN,-0.069776222
yybG,-0.069687413
ppiB,-0.069594439
yxjN,-0.06935179
yxxF,-0.069160292
ylqC,-0.068988522
yyaP,-0.06853724
sirC,-0.068250017
yddF,-0.068077261
ydeG,-0.067615829
nfrAB,-0.066829787
citA,-0.066743701
tuaB,-0.066692405
argH,-0.066021005
ptb,-0.065737707
mapA,-0.065711301
yfiF,-0.064774805
kipR,-0.064699997
rsiX,-0.06465383
yvaA,-0.06413997
yteU,-0.063803554
yvaK,-0.06299739
yxeR,-0.05929035
kdgT,-0.059277374
purN,-0.057542056
abh,-0.056722412
yxzJ,-0.056339844
trxA,-0.055110601
rttG,-0.054827783
yheG,-0.053795902
cah,-0.052980421
yonS,-0.051737969
ypsC,-0.051629463
ynzF,-0.051183753
yprB,-0.051043184
yodA,-0.05022903
ndk,-0.049959236
yslB,-0.049508563
minC,-0.049285466
ydeE,-0.049053604
ydbM,-0.048848056
ftsA,-0.048526764
degU,-0.046757067
csbB,-0.045611954
ydiL,-0.04546743
xynD,-0.044838601
ycbL,-0.044832048
dnaA,-0.044751001
BS3610_RS24125,-0.044238563
yqaR,-0.044228803
natR,-0.043546467
rpsR,-0.043267482
pyrH,-0.043022733
dgk,-0.040725197
thiF,-0.040532755
dinG,-0.039895339
sirB,-0.039772534
rsmE,-0.039386649
spxA,-0.038838131
narJ,-0.036603234
radA,-0.035122704
alsS,-0.034918162
yoaZ,-0.03366689
plsX,-0.03327832
yqfB,-0.03257613
yrvD,-0.031724883
rok,-0.03150032
rtbD,-0.030583085
appB,-0.027894103
vpr,-0.027470627
pksJ,-0.026513749
apt,-0.025360067
cueR,-0.024273055
rplC,-0.022257852
dusC,-0.022178008
folB,-0.02037185
licB,-0.019614693
yhjG,-0.018890313
ydcA,-0.018123385
tagF,-0.017852108
ypmR,-0.01745606
yxeQ,-0.017100209
ccpN,-0.017029847
bshBA,-0.015321117
bglC,-0.014739419
yjdA,-0.01362779
levR,-0.010908914
spo0A,-0.010365752
rocD,-0.009574759
ydgC,-0.008019066
nin,-0.00562975
ytxG,-0.00541523
bdbD,-0.0051492
mrnC,-0.004679386
rpsD,-0.004175759
yaaQ,-0.003473965
yhaR,-0.002676243
ywaE,-0.00075665
yqgB,0.000635717
lytG,0.001728644
ydgI,0.001903844
yfkL,0.00199716
padC,0.002010944
pksE,0.002338774
rbfA,0.003770295
purH,0.004363373
yokE,0.005725034
dnaG,0.005757233
BS3610_RS18125,0.005996849
yhcG,0.006574201
ykuV,0.006870017
coiA,0.007349506
yybD,0.007617062
yugG,0.008482544
ybfN,0.008630802
fmnP,0.008664665
rplR,0.008956987
yubA,0.009008158
ywpD,0.009104112
yopX,0.009409733
sigL,0.009798793
tyrZ,0.010573406
sipV,0.011363118
pksA,0.012742988
opuBB,0.013139273
spo0B,0.01347136
kdgK,0.017573898
yjcS,0.01798782
yurQ,0.019260733
ydfH,0.019360518
yhcK,0.020197751
bdbC,0.020902478
yobF,0.022277042
thiV,0.025048847
phoH,0.025318798
yplQ,0.025800928
ykaA,0.026431518
nhaC,0.026497628
rpsC,0.027957155
ndh,0.028499081
yoaS,0.029518913
tsf,0.030437756
thiQ,0.031116034
ykkA,0.031394779
atpB,0.032366272
yrbC,0.032631328
yqzI,0.03319209
spoIIR,0.034045485
ydgH,0.034248956
yhfT,0.034881511
yfhI,0.035688016
bglA,0.036271006
yrrN,0.036951312
dapH,0.038622074
tmrB,0.038772946
ytxE,0.040002267
ndoA,0.040959857
yxiT,0.0414639
ybbJ,0.041478318
rsiW,0.041653918
yvdR,0.041713742
yycA,0.041757083
nusA,0.042316388
ybfK,0.042898065
aseR,0.043310329
tig,0.044329488
yetH,0.044387561
cccB,0.045871876
brnQ,0.046149721
accB,0.046164753
fusA,0.047084407
yddT,0.047504655
yxlF,0.048299206
yxiE,0.049943301
yrdQ,0.050448948
yrzH,0.05071234
ykuI,0.052146397
rapJ,0.052892733
yfjL,0.054753597
gamP,0.054992411
ywoF,0.055350221
yncB,0.056135823
samT,0.057776284
ptsH,0.058059236
rsbRB,0.058211526
znuA,0.058935008
lcfB,0.05994825
dnaK,0.060816786
ohrA,0.062100829
yerB,0.064011124
yvaG,0.06441701
azlC,0.065226381
yoxC,0.065837916
yheJ,0.066186488
ccpC,0.066302088
nusG,0.066912853
ydhK,0.067192889
ydcL,0.068796119
pheA,0.068907466
yvlB,0.070499851
comEC,0.071403247
yjfC,0.071536619
ymcC,0.071572843
hxlR,0.073514859
yerC,0.073673966
mgsR,0.073874752
tadA,0.074350699
yitT,0.074387428
xlyA,0.074761129
narI,0.0755918
bioF,0.075902972
pksS,0.077421075
dppE,0.077425225
cggR,0.077861815
yxlC,0.078174479
rttO,0.078582874
ydeI,0.079594458
yhgE,0.079927696
ydeJ,0.080556281
yycD,0.080747192
ykzN,0.080868149
rpsL,0.081358691
birA,0.081432301
mutY,0.084506181
yaaR,0.084620821
cysK,0.086144005
ywcC,0.088122075
bkdR,0.089694726
mraY,0.091119942
yfiQ,0.092476306
yvbI,0.092742633
yxxE,0.095367286
dprA,0.095602945
thiU,0.096402781
dapL,0.09712609
moaC,0.097558027
pucD,0.09827916
ydfD,0.098446866
yusI,0.098474531
plsY,0.098489805
yrvC,0.099568899
yrzL,0.100228996
rsbS,0.100567679
yxeL,0.100730031
ypmA,0.10107857
rplF,0.101116355
BS3610_RS24135,0.101840355
yclP,0.102663614
pdxS,0.102663975
mcsA,0.102924462
yqgU,0.103837162
spoVE,0.1039072
ccpB,0.104659318
murF,0.105437461
gatC,0.105518004
yvgO,0.106876366
plsC,0.107240225
ytmP,0.107785732
pbpB,0.107957036
pksL,0.108251004
yknZ,0.109489711
yyzI,0.109612169
qcrC,0.10967853
xlyB,0.110477707
yoyC,0.110511162
resB,0.110546291
mrpE,0.112198497
comFB,0.112242196
bsuRC,0.11452894
yojE,0.115654727
ykuC,0.115856992
rtbE,0.116045942
ntdC,0.11721281
hutP,0.117931137
ilvH,0.119211124
scoC,0.119842441
yobV,0.120298862
thiS,0.120483796
psiE,0.120740617
yesN,0.121366735
sipU,0.121695775
dapF,0.121743044
yydD,0.122101074
yccF,0.12424308
ytcD,0.124444625
murD,0.125541544
qcrA,0.125957505
yxjO,0.126270383
dhbC,0.126272133
yqbO,0.126303594
yusE,0.127649935
rpmJ,0.127711631
yusQ,0.127735373
ffh,0.128103742
yydC,0.128207761
aroQ,0.129332955
nasD,0.129358678
hepS,0.130316587
xkdC,0.13069216
rghRA,0.133003324
yqzC,0.133956282
BS3610_RS24290,0.134915168
ispH,0.135366893
yusO,0.135573392
fnr,0.136553444
murC,0.136637591
yxeM,0.137235022
ymfC,0.1375626
immA,0.137634479
yhjE,0.138978326
kinA,0.139117715
fadF,0.139522026
ruvA,0.139606699
comEA,0.139647333
yizB,0.139672523
yhcU,0.143303393
BS3610_RS23810,0.143939869
ktrA,0.144315527
yozI,0.145136856
BS3610_RS08485,0.145711885
yfmP,0.145993015
fadR,0.146079786
argG,0.146734274
sumT,0.146959338
mreBH,0.147048991
natK,0.148288311
ytaB,0.148763797
yknU,0.150154223
yyaL,0.150335044
capC,0.151079418
kduD,0.151288079
kinE,0.1517705
kdgA,0.1518975089999999
putB,0.151923333
rpsE,0.152700619
yocD,0.153063861
rplA,0.155607138
ytbQ,0.156142858
ydbL,0.156498264
ftsL,0.157012841
yunG,0.157337409
acoA,0.158343026
ywpF,0.158485017
yqeI,0.158570378
cdsA,0.158627543
dppD,0.159926738
yitZ,0.160588949
prsW,0.160978952
yukB,0.162111652
secG,0.162122662
exuM,0.162476565
liaR,0.16453907
ydbP,0.164702665
murB,0.165153658
racE,0.166049262
yorB,0.166975418
ypeP,0.167728056
yyaQ,0.169845869
ctaF,0.170885607
sat,0.171193588
mrpF,0.171858871
yueC,0.173923989
trmL,0.174200257
pps,0.174348688
ythQ,0.174712585
ydiM,0.17502352
tyrA,0.175286182
gerBC,0.175477348
ydeC,0.176384995
ydzV,0.17651574
ripX,0.177066142
yddQ,0.177248746
artQ,0.178068272
rpsNA,0.179041559
acpK,0.179651881
ywnC,0.18035027
yocR,0.1806815
yfjT,0.180796298
BS3610_RS24285,0.181912631
srfAC,0.182489238
ycgA,0.183703658
ykzU,0.183991557
htpK,0.184852172
yqfW,0.184960482
yugE,0.184984376
spo0F,0.186363575
secY,0.186910466
sbp,0.186944058
pksG,0.186972244
phoP,0.188746231
yxjB,0.188998081
deoR,0.190041362
ypjC,0.190682537
ntdB,0.195082834
BS3610_RS04970,0.195610171
mrpC,0.196483572
rpoE,0.197331914
yvkB,0.197380686
pucB,0.19813097
yobT,0.198205717
ywzF,0.198958053
pta,0.199193452
yclQ,0.200050241
yqgX,0.201798347
mrpB,0.202682789
narK,0.203857011
yneJ,0.204775459
nagBB,0.204929594
yugO,0.205153603
yuzC,0.205566054
yokI,0.206246693
rsoA,0.206885693
braB,0.208073512
metQ,0.208440557
ybdK,0.209314801
narG,0.210211906
prpE,0.210599981
yhaI,0.211432431
BS3610_RS23390,0.211738118
ycxC,0.211780193
dppC,0.212303837
ywoH,0.216400015
ygxA,0.217118734
ganR,0.220065101
ydgJ,0.220936071
ywdI,0.221080594
yrbF,0.221217081
ywmC,0.22216593
yomO,0.222821913
hmoB,0.224042452
ybzG,0.224168493
pbpE,0.225328364
ylbP,0.225924796
yclN,0.226130266
yjbK,0.226391383
sigM,0.226544231
ywqF,0.226942436
yqxK,0.228453039
acdA,0.22868503
frr,0.22868914
racX,0.228767552
ygaO,0.22959063
iseA,0.22967506
infB,0.229701982
tagE,0.229833734
ywnF,0.231427636
azlD,0.232174819
metN,0.233186769
mrpD,0.233256832
yueB,0.233514259
yqzD,0.233893436
yshA,0.234364349
yqcC,0.234697146
mutT,0.235304491
ycgS,0.235849948
queG,0.236211873
leuC,0.236488951
yxaL,0.236694784
pksF,0.236821905
cydB,0.23832686
yorA,0.239332337
pucM,0.239439891
ypmB,0.240178592
trpA,0.240666768
yloC,0.241265983
tcyA,0.242052791
rapD,0.243069281
yuxN,0.244564809
yonP,0.244959487
alsD,0.245104402
tagO,0.24690219
ydgD,0.247234329
yqeY,0.249303059
ybgB,0.250719362
pksN,0.251367838
mfd,0.251389783
menF,0.252037866
BS3610_RS23520,0.252688985
yttA,0.252954546
yoxD,0.253826842
yxlG,0.254887725
ypiA,0.255188507
levD,0.256692583
rplD,0.256751695
bofC,0.257128733
lytD,0.257378758
ydhH,0.258742075
pksC,0.258765601
ycdC,0.25889488
bacA,0.259079938
yueH,0.259403719
adaA,0.260274918
yokK,0.260661494
bdhA,0.260776711
ydfB,0.263225953
cysP,0.263826285
ydfL,0.265055054
ysmA,0.265873381
murE,0.266755381
liaG,0.266967823
BS3610_RS23660,0.267036014
yhdW,0.267566738
exlX,0.268638964
nasB,0.269504627
yxcA,0.269706407
mgtE,0.27034975
yesM,0.271411127
ygaJ,0.272102306
sigH,0.272496475
ywiB,0.272698636
ykkB,0.272760651
yvcB,0.273145861
yxjI,0.273200878
yoaC,0.273495268
yvrJ,0.273507751
dhbA,0.273994632
bsaA,0.276867683
hinT,0.277124041
srfAA,0.277882999
cydC,0.27854488
yojN,0.278796096
yszB,0.280038907
yusF,0.280222809
rpsG,0.281645435
BS3610_RS24530,0.281860651
rtpA,0.282850285
lplA,0.283191782
dinF,0.285488084
yyzJ,0.288083619
rplV,0.289157088
ysoA,0.289166441
yflS,0.291618595
gltC,0.294076781
yfkK,0.29412952
frlD,0.294185894
katX,0.29495745
rplU,0.296029011
pksR,0.296627602
rghRB,0.29787224
yobR,0.298908286
yuaC,0.300764963
yncM,0.302811357
ipi,0.302920387
czcD,0.303520866
xseA,0.303832269
mecA,0.304533161
lytE,0.304542415
lcfA,0.304812706
thiX,0.308465507
srfAB,0.30886528
ybfH,0.309174711
yokL,0.309798323
ylbC,0.310098737
ybbC,0.310506638
yqeB,0.311511499
hutH,0.311817457
yueI,0.313538552
grpE,0.31419535
ydhE,0.315077559
yjlC,0.315237952
yugK,0.315614426
cmk,0.315999128
bsuRA,0.318542442
yvbW,0.319476585
yorQ,0.320651159
yqfL,0.320996189
pstC,0.324241508
rpsO,0.324668651
ywrD,0.325079343
yjoA,0.326149916
yozB,0.32655265
ydcK,0.327504207
yqgW,0.329881169
rplP,0.330272191
uppS,0.332119618
ykvR,0.332315585
scuA,0.333407589
ypzJ,0.3350828
yvaP,0.335929229
ydeM,0.336860952
yutD,0.337755845
yddN,0.338179901
rpmD,0.340992829
cysC,0.341288791
BS3610_RS23515,0.341685936
yvzA,0.342339563
yuxO,0.343046918
yonB,0.343321517
estB,0.343941249
ykuK,0.344585104
yonC,0.345259098
ybdM,0.346296785
rplX,0.346775323
dxr,0.347397664
recU,0.347853488
adk,0.348063608
capA,0.348594282
patB,0.349845832
tpx,0.351324569
rpmI,0.354729847
ydjH,0.354775434
fapR,0.355655443
salA,0.35600284
yxxB,0.356694057
pel,0.356915337
yopG,0.358615397
yitV,0.358966305
rocC,0.359250353
rplK,0.359364444
hutG,0.359747899
yodD,0.360072568
rplE,0.360996764
putP,0.361205589
opuAA,0.362886903
yxdM,0.362970062
nasC,0.363193927
yerI,0.366196834
rpmB,0.36668166
prmA,0.367260072
rplW,0.367450634
yxlE,0.368731173
infA,0.369376349
srfAD,0.369699269
yxeJ,0.373183735
nifS,0.373293029
yrdC,0.373685087
ykuH,0.374475151
zur,0.374646342
cccA,0.374744532
albB,0.375652334
nasE,0.375994232
yqfU,0.376312641
yokG,0.376821763
ykyB,0.377429323
dapA,0.377641282
yxiB,0.378717836
yddJ,0.378785294
yorP,0.37940583
ywnG,0.379516484
panD,0.380113273
abrB,0.380926191
yneK,0.381369519
ykoG,0.382257001
yviA,0.382892005
ytwF,0.383865189
yfiU,0.384125192
nap,0.38554659
putR,0.38571085
yoaD,0.387111891
murG,0.387396478
yomJ,0.38871911
opuBD,0.389324876
yrzF,0.389753148
narH,0.390178247
hutM,0.39071346
rnpZA,0.390793541
lrpA,0.391208125
yphE,0.392388218
yvdS,0.393040901
yqeD,0.395700369
yhcF,0.396579838
ylbF,0.39929906
rpmGB,0.399448461
gabR,0.399986568
ykuT,0.40000211
pstS,0.400863495
yyaO,0.40126073
yqjA,0.401894252
rpsU,0.402379333
BS3610_RS24640,0.402410883
albA,0.403860895
disA,0.404872441
yfmE,0.406110532
yokF,0.407143387
yeeB,0.408096892
yyzH,0.409667985
pucA,0.409761502
pucJ,0.410708752
ykoX,0.410877595
comA,0.411279297
BS3610_RS03225,0.412211318
ctaA,0.412736527
yfmD,0.416223455
yrzT,0.41682458
yodC,0.416849419
ytlP,0.417587673
BS3610_RS24550,0.418768078
leuA,0.419647031
ynzJ,0.419848719
cwlP,0.419858752
sapB,0.422071611
ytzG,0.425014474
yqeZ,0.425837658
yeeG,0.426204754
ylaA,0.42719933
nfsB,0.427321805
deoD,0.428738836
yvaV,0.429324156
codV,0.430007236
truB,0.430221311
yonD,0.430686052
bst,0.432048378
yktB,0.432292233
BS3610_RS24345,0.433075624
yrpD,0.433374588
ysdA,0.433858197
yndJ,0.434743598
yolA,0.435157525
yezE,0.435282761
yomK,0.435456188
yyzF,0.436101994
tatCD,0.436771437
yrbD,0.437760759
tcyN,0.441243966
albE,0.44151889
ydeS,0.443278226
ktrB,0.443515741
spo0M,0.444364142
yorT,0.44581076
yxaD,0.446893406
yndG,0.447102434
ysdB,0.449386156
yycC,0.449513475
rpsF,0.449880536
yfnA,0.449966938
fruR,0.451406211
kinC,0.452050577
yorH,0.452986943
BS3610_RS10165,0.45333448
dnaN,0.453786779
ynaC,0.454770171
infC,0.455713053
trpF,0.456692184
ydzA,0.457175697
purF,0.457429908
ypzK,0.458597218
yizA,0.459038625
ylbK,0.459342406
ybfP,0.459999736
yomU,0.460078657
ybdG,0.46033181
suhB,0.461026244
ycxB,0.461055377
yqbP,0.461620943
ykoJ,0.462348686
ydfK,0.462443082
yhjH,0.463441865
pelB,0.464546326
yoyK,0.464646871
fabHB,0.466551902
rpsS,0.469237425
yonK,0.469905224
yrzO,0.471892953
rpmC,0.472687793
dppB,0.475848099
ygaE,0.477122727
ykfC,0.481886173
yqjY,0.483601635
ykuU,0.483637993
yfmQ,0.485415851
yokJ,0.48562689
citZ,0.485971038
ytzD,0.486253262
yfiL,0.4872602
yyzM,0.488159821
kduI,0.488871877
gcvH,0.48897226
yosJ,0.490239915
nusB,0.490702414
ytbD,0.491557909
yczC,0.492588725
mifM,0.493077776
thiD,0.493583519
yoqA,0.493936449
ydeP,0.495099454
ywoB,0.495860326
ccdA,0.495865009
yloU,0.495920712
yeeA,0.497932322
yocC,0.498276372
ylaL,0.499202031
yjcN,0.500712006
yxeG,0.500944065
ydfF,0.502534239
aldX,0.503101098
ybdN,0.503888267
yhgD,0.504115866
ytmB,0.506499549
rplNA,0.509068425
ywmD,0.509866008
ylaD,0.509905264
albF,0.510416565
ymaC,0.511035704
yocA,0.51287572
cysH,0.51318961
yobS,0.513243381
ybfI,0.513333414
yqkE,0.513452564
ykvA,0.513503026
rpsJ,0.513907
yodJ,0.514548174
ydaJ,0.515421675
comP,0.515775576
yuzO,0.516629202
besA,0.517748374
nagZ,0.519250744
yitK,0.519869696
atpI,0.519935298
pksH,0.519970989
yabQ,0.520180692
yabE,0.522143537
yhjO,0.524518572
ylaF,0.524996161
sigW,0.525643194
yncE,0.526045681
mdxR,0.527005054
rplJ,0.527892257
ykoA,0.527986003
yjzD,0.527997304
ydhI,0.530824063
secE,0.530931361
rpmEB,0.531113344
yyaJ,0.53206512
metP,0.532509148
yobO,0.53297211
yoeD,0.533252434
trpB,0.534217973
yfjQ,0.534360414
yheB,0.537021763
ybbH,0.53842462
BS3610_RS07180,0.538868149
fer,0.539281079
ywqN,0.539539029
azlB,0.540294388
dhbF,0.541785213
ecfA,0.541865811
albD,0.542308691
ybzH,0.542555235
xpf,0.54266779
yybH,0.543778891
yrrM,0.543843268
BS3610_RS23215,0.546115787
leuD,0.546130923
BS3610_RS22670,0.54634752
pucH,0.547872432
rplT,0.548429209
luxS,0.549822647
yorO,0.54996763
opuBA,0.550904919
tcyP,0.551889148
cwlK,0.553077323
rsbRD,0.553383632
yqjB,0.556093113
era,0.556887004
yneP,0.558210603
rnpA,0.559678032
ykuL,0.559823661
alsT,0.5610047
ntdA,0.561353944
abnB,0.562203431
pksM,0.56286655
purB,0.562982405
yckC,0.562996314
yojJ,0.566827896
youA,0.568219955
yoqO,0.570077793
ilvE,0.570374747
yoaK,0.570856509
yopF,0.572516316
yvfG,0.574098134
yuaE,0.57423282
hpf,0.575324855
rpsB,0.575844499
BS3610_RS24315,0.575891053
ypoP,0.575945767
yxlH,0.576580351
rttL,0.577102329
opuCC,0.577484923
comN,0.578385716
glcP,0.58091536
argJ,0.582306868
uxaB,0.582435421
yolB,0.587523135
lrpB,0.587597622
arxR,0.588338705
yxaI,0.588520947
ywqH,0.588528972
ywzH,0.59498668
albC,0.595957093
yncF,0.595996975
rpsQ,0.597542173
ylxP,0.597666849
hmp,0.597785681
dapG,0.597984431
yxkD,0.599670598
yugM,0.601034061
yqgY,0.601347187
ggaB,0.603047858
yjoB,0.603363001
yqgA,0.60415748
yaaN,0.604652256
yfkN,0.605719826
yodE,0.606011873
yteT,0.606167581
yxdL,0.60620685
purL,0.607078344
aadK,0.608767305
dhbB,0.610214189
artP,0.612940412
rsgI,0.613213148
yddR,0.613535601
kdgR,0.616831815
amiE,0.617564975
yvkN,0.618780779
yqgT,0.62020927
ybcI,0.620464038
oatA,0.620642261
ydbS,0.620791828
hbs,0.621597749
ybzI,0.622359274
yybS,0.622449843
ydzL,0.622761116
mraW,0.624038282
yppC,0.62663312
yozH,0.626895923
BS3610_RS23705,0.627460083
fra,0.62783481
ymzD,0.62794418
yqaO,0.628555086
yorF,0.628695051
ycgF,0.628705441
ygzD,0.628851905
yoaB,0.628943113
purM,0.629096752
yxzF,0.629454193
pth,0.629651933
BS3610_RS23850,0.631233956
yokH,0.631477122
yesL,0.63150233
yddA,0.631768902
clpP,0.633398202
yfmB,0.633685302
BS3610_RS24365,0.634819131
yvdT,0.634824806
yqjV,0.636771451
yitR,0.636908757
cwlS,0.637169098
menD,0.637777342
rpsH,0.640117462
yoqJ,0.64025803
yomS,0.640375121
rpmF,0.640667532
murAA,0.640945704
yukD,0.642198473
ywsA,0.644070187
yhdY,0.644714899
ybfF,0.644978195
ylbA,0.646412996
ydbO,0.646751504
ybxB,0.648414912
yjbC,0.64853559
dhbE,0.649027185
sunA,0.649263211
yomR,0.650192505
ybcH,0.651464533
tcyJ,0.652183158
sacV,0.657015356
ydcI,0.657744598
yopH,0.658584376
dppA,0.659492354
mbl,0.659616736
ywpE,0.659838695
yomX,0.660101658
yknY,0.660984311
rocB,0.661551525
yonR,0.662971568
yoqK,0.663193377
ynzG,0.663719254
ytmA,0.664661461
ybfG,0.665687766
yddS,0.667761487
yomQ,0.669493187
sodA,0.671023751
BS3610_RS23640,0.671310968
ybbF,0.672214885
yfhE,0.674331721
BS3610_RS24015,0.674469534
yorG,0.675888411
yktD,0.676128713
gerBB,0.677700324
yuaI,0.677729683
norM,0.678368339
yngA,0.679977189
yukC,0.682252305
yuxH,0.684272954
yetJ,0.684573336
ywcD,0.686559494
yrpC,0.68756004
ypuI,0.689621284
yraH,0.690319786
miaA,0.692707927
rapI,0.693528545
BS3610_RS23960,0.69363401
alkA,0.695658237
hemZ,0.696074686
ywnA,0.696800432
yteR,0.696969851
xre,0.697006198
yeeD,0.697712119
yobA,0.698335872
yvcA,0.69967135
tnrA,0.70345352
ybfE,0.704898066
pyrR,0.70490123
BS3610_RS24380,0.705341808
BS3610_RS24105,0.705865777
ydaB,0.705924846
glpQA,0.706455453
leuB,0.707815183
ctsR,0.70830472
csn,0.708782907
bsn,0.710654477
ligB,0.712282852
dapX,0.713604022
ynaB,0.714826648
spoVG,0.716360504
ykfB,0.720163961
yvlA,0.720792742
radC,0.723044791
ykcC,0.72332188
ymcA,0.724422021
ywjC,0.724655445
yqhQ,0.725933052
ylbB,0.726116749
divIB,0.726144346
yomN,0.727825341
pyrE,0.727936242
catE,0.729922801
yraN,0.731307053
xkdD,0.732028938
yvdA,0.732154159
BS3610_RS23570,0.733254381
yhzB,0.734646615
yceK,0.736594685
ypdP,0.737957912
polYB,0.73863882
htpX,0.739705356
ykyA,0.73983973
murQ,0.742501065
ykzB,0.74359789
acpA,0.744312555
yopI,0.745294135
trmFO,0.7456613
yopD,0.747469332
mntR,0.748920294
ycgE,0.749173494
yfmI,0.751037971
yitQ,0.751311664
lysP,0.753887171
ylqD,0.754106318
ymzA,0.755066257
bioK,0.756294962
gltR,0.757649745
yknX,0.75819199
yugI,0.762627192
yeeC,0.763124391
yndK,0.763185968
folN,0.763949046
yvqJ,0.764450934
ygzB,0.766126969
pksI,0.766650797
yqaP,0.767561431
phrA,0.768544248
yuxJ,0.768631264
yhgB,0.769493686
cwlA,0.7702989
opuCB,0.771833667
yisU,0.775227681
capE,0.775628373
yoqL,0.777145449
yusS,0.778024476
ypjD,0.778877749
rnc,0.780969927
ybfO,0.781522468
czrA,0.782164468
ydeL,0.783572823
yrkA,0.78531048
ldcA,0.786128176
sdpI,0.786437977
ydjG,0.788016647
ndhF,0.788940389
resA,0.790365313
nprE,0.791469685
ycnE,0.793303458
yqaM,0.794359835
ylaE,0.795160873
BS3610_RS24100,0.797320249
yxlD,0.797588293
ydzU,0.797629804
yoeC,0.797896092
ytkA,0.799093494
BS3610_RS23925,0.801058717
yteJ,0.801598183
cypB,0.801855732
yqaH,0.803796749
copZ,0.804780542
tuaA,0.806737551
groES,0.808974144
yknW,0.811553293
yxlA,0.814323365
yraO,0.814697755
opuCA,0.816018948
purK,0.816502542
yfjM,0.817307184
pbuX,0.819586
ykvN,0.821041986
gpsB,0.821717603
ydhB,0.822080547
ylbN,0.82273492
yorI,0.823096177
yabP,0.825486006
yobH,0.826801099
yrkK,0.828659746
trnE,0.829050346
immR,0.829405003
thiC,0.833529011
yczG,0.833614574
yobN,0.834360354
yopJ,0.836637109
ydjN,0.837138569
ypuD,0.83769416
ytzE,0.838749151
yuiB,0.838817212
ythP,0.838881832
ypeQ,0.839337971
rimP,0.839894495
yhaP,0.840172507
ykuD,0.841684559
ywbE,0.84250196
bioW,0.842551211
BS3610_RS24225,0.84298975
liaI,0.843365252
yomT,0.843758054
glpD,0.845089908
ytzH,0.845193243
yoqC,0.846241035
xtrA,0.846562816
frlM,0.849416606
yuaG,0.850342428
liaH,0.850659962
udk,0.853215172
ansR,0.854493874
bioD,0.856708928
ydjO,0.857424965
yoyA,0.858629121
rplS,0.85876942
yhcB,0.859238781
khtT,0.86306495
yosT,0.863546659
yxaJ,0.864577591
ydzO,0.869811974
trpC,0.870319799
ybcC,0.870555834
hrcA,0.872200857
lspA,0.8803304
pyrF,0.882246322
bpr,0.883917487
lplB,0.885029494
yoqB,0.886375229
argD,0.887566148
spoIISA,0.889426899
yonN,0.889908508
yitY,0.89036977
fabI,0.892722734
comGD,0.89424069
splA,0.894572715
ydfP,0.894883733
yobD,0.895076695
yesF,0.895885501
ydzN,0.896441853
eglS,0.899251163
yrdK,0.899309605
swrAA,0.90025126
yjzE,0.901865375
sigX,0.904323155
yotI,0.910387046
cspB,0.911629772
rplGB,0.912950218
gabT,0.912961177
ywzB,0.913096697
ylxY,0.915483286
yflB,0.916801948
pelC,0.918280741
yhcA,0.919474323
yybJ,0.921493185
tcyK,0.9216243
yqkK,0.922786867
uxaA,0.923877625
yomD,0.930345714
yyaB,0.931957455
xylR,0.935054362
yxkC,0.938946283
nadB,0.941121433
yokC,0.941461001
yvmA,0.941915166
ysxD,0.942114567
yqiI,0.943115622
BS3610_RS24350,0.943344082
rtp,0.943357959
yxeA,0.945031748
ylxM,0.945114913
yozX,0.945440531
yybR,0.945629604
yumB,0.947407804
ytaF,0.947795031
argB,0.949047985
ywkB,0.949532092
yplP,0.950147455
cypX,0.954212345
yogA,0.95760771
rapA,0.959584605
ggt,0.960770484
yezA,0.96196997
ywpG,0.962637437
yrhK,0.965032663
yddM,0.967414106
sigI,0.967689202
yvaB,0.968494047
yorC,0.969196401
yqbK,0.96968278
spoVB,0.970148541
BS3610_RS23300,0.971984173
ybdZ,0.972796164
yonE,0.972826716
ysfB,0.973465213
yybI,0.973885387
BS3610_RS23695,0.97460939
yjcM,0.975123299
BS3610_RS24585,0.975461353
dps,0.976186621
yoaO,0.976762381
xpaC,0.977918003
nprB,0.979623693
nrnA,0.980111168
ypbB,0.982135326
yheE,0.983989111
yjbL,0.985270259
yecA,0.986046565
mlpA,0.990701665
yyzG,0.990967396
yddK,0.991072931
yclH,0.992726902
yvzI,0.997031042
yhaQ,0.998909584
gerAC,1.00035834
purQ,1.002700762
ycsF,1.006455805
yqaS,1.007208115
arfM,1.007858954
yjbQ,1.007932592
nrdIB,1.008701358
ykoQ,1.009273197
yqbB,1.01137584
yvnB,1.011862391
carB,1.014699947
yjzJ,1.016003643
clpE,1.017799234
yrdR,1.019659084
ywzE,1.020452939
fosB,1.023539554
yyaR,1.025841848
yjiA,1.028792636
ytlI,1.030987586
slrA,1.031428181
yopC,1.031500414
yrhH,1.032261295
ytzI,1.034872612
yhzF,1.038571963
yyaM,1.038865832
yosU,1.039350336
yosX,1.04128504
yorS,1.042459061
dtpT,1.042936386
argC,1.043789288
ywmA,1.044807112
gerAB,1.047183206
ywmB,1.047353936
sppA,1.047410775
yjqC,1.049720586
yopA,1.050146862
ytzJ,1.051107558
trpD,1.052374257
ylaI,1.053999579
pucI,1.05401486
yycN,1.055415515
pspA,1.058871474
hemN,1.058998023
yrkD,1.064979026
ycsA,1.067318829
BS3610_RS23175,1.067402328
tdk,1.070591386
yuzN,1.071128282
yonH,1.071919963
yomL,1.079077862
yuiA,1.080701366
BS3610_RS24180,1.08144506
yrhC,1.082205078
yybF,1.085557393
maf,1.090448081
ynzD,1.094845544
veg,1.096297391
ydfJ,1.097649912
ybfJ,1.10342486
rpsNB,1.103908668
bsdB,1.107181068
yonJ,1.108478681
yvzC,1.109349634
yonX,1.110583574
yorR,1.110899528
yotE,1.112160357
BS3610_RS23905,1.113409448
argF,1.113825203
ydcQ,1.113882915
tatAC,1.11424875
ydzM,1.1147697
bslA,1.115527983
sboX,1.116590652
ypiB,1.116944907
ywbB,1.119504457
yoyI,1.12203755
lplC,1.122904666
ydeH,1.123714915
carA,1.12410933
BS3610_RS24240,1.124249254
defB,1.127733123
yraL,1.129370736
yopB,1.131589345
yokA,1.132423135
yqaT,1.133723136
yjdG,1.134675939
exuR,1.136585985
yosW,1.13888812
yqeW,1.14369046
ywoD,1.14475859
sda,1.146202021
yobI,1.148354962
ydjM,1.15166987
lplD,1.152464199
yhjD,1.154231133
ybaJ,1.155034199
yefC,1.1568506
ypjB,1.161094938
cyeA,1.162894242
ycdA,1.163759907
yokD,1.16508983
rtbJ,1.166952578
recO,1.167204054
purC,1.168675022
rppG,1.170843816
yvmC,1.173066324
ytmI,1.173162287
ywhB,1.174700172
ypuA,1.175919903
cspC,1.176275899
purS,1.178578989
sigV,1.179179755
yrkJ,1.180932984
yqdA,1.181080879
purA,1.181581616
refZ,1.184917741
ytvI,1.185124838
yqbG,1.18585597
yqbC,1.186969142
yopQ,1.187149747
ywlB,1.187330547
yoaG,1.192378993
ribH,1.192428331
glpT,1.193136254
BS3610_RS24185,1.198763568
BS3610_RS24675,1.201034338
youB,1.2012314
ymzC,1.202455394
purE,1.20701758
frlB,1.211242538
yceJ,1.212885197
yotH,1.213570328
yozZ,1.214910201
sinR,1.215636895
ytxC,1.215742919
skfE,1.215942781
yybP,1.217627911
BS3610_RS23445,1.219363167
ysmB,1.224309286
yosR,1.227570875
cdd,1.228209328
BS3610_RS23890,1.229965252
arsC,1.230793605
yojW,1.2312082
yndH,1.232506383
yqaC,1.234814321
gerKB,1.234838841
pyrD,1.236746863
ynxB,1.237954653
pbpX,1.23807618
ydjB,1.241610257
yclI,1.242406523
degR,1.244568399
yomV,1.244971355
yeaB,1.247541438
BS3610_RS24540,1.24833769
ydeA,1.250707824
ywoC,1.25213334
coaE,1.254163929
yqzL,1.254836091
bioB,1.255620064
yolD,1.255759069
ydjP,1.2578991
yusG,1.25902954
ykuJ,1.267669784
yheA,1.26922427
yczO,1.270169394
yopE,1.276377248
yqaD,1.278060473
yozJ,1.285076731
comX,1.288048336
ytoI,1.29141345
ypmP,1.293568784
ywmF,1.294236255
yuiF,1.295052493
ykvO,1.29520314
yhaJ,1.303594622
thyA,1.304130395
ybcF,1.309935393
yraK,1.312905374
yvmB,1.315126897
sboA,1.315940537
rpmEA,1.316321514
BS3610_RS10485,1.318250775
rgpA,1.319799839
bdbB,1.328756292
mecB,1.330406719
yrdB,1.331083517
yhfO,1.331842335
sunI,1.33276153
yybN,1.334033818
yvnA,1.335050426
sunS,1.339989583
ynaD,1.342308077
rpmH,1.34660996
ynzI,1.350130623
yqaL,1.350429475
yoqS,1.350738998
ydzP,1.352819263
ydzT,1.356769061
ynaI,1.359649327
ynaF,1.360792089
ynaE,1.361236632
yopT,1.362083086
ydcO,1.363803787
amyX,1.364714989
yqxJ,1.369603705
sodC,1.369773977
yabT,1.371776706
mraZ,1.372165953
ywfM,1.37244345
nadC,1.373752389
yhzG,1.37482366
yozY,1.376784645
ypbF,1.376831704
xynA,1.377204734
yopR,1.378351604
yoqU,1.386144879
pyrP,1.391819829
yoaF,1.392373141
ywbG,1.393456288
yfkQ,1.394534611
yhcC,1.394974057
yomZ,1.396601918
sunT,1.39887056
yonO,1.407876579
gerAA,1.4096636
khtS,1.411043221
yrdN,1.411571713
glnR,1.412477356
uxuB,1.412500497
fbpB,1.413657724
bscR,1.417107058
yvaM,1.419728229
yqbT,1.420252433
yqeC,1.420627829
phoD,1.421611102
sigF,1.422216961
yozV,1.42346134
yycE,1.424068346
yqxD,1.428040792
yhdX,1.434975351
yozW,1.44116824
yomG,1.444161094
bioI,1.446834255
yczK,1.447164534
BS3610_RS23745,1.447185848
yukE,1.448491162
yusD,1.449153031
yxeC,1.452992662
yqaJ,1.458854482
yozC,1.459081177
pbuG,1.459753614
yobJ,1.46741193
yqxI,1.470514302
yorL,1.470665838
bdbA,1.484459153
ypiF,1.486892865
spoIIAB,1.489375897
exuT,1.491713314
skfF,1.493109851
tatAD,1.499782566
ytmO,1.500283358
yddE,1.500354879
yonF,1.5042608
mccA,1.513983894
yqbA,1.515295851
yqbF,1.51627644
tcyM,1.51631742
yhzD,1.521217177
blyA,1.52121957
yubF,1.524512791
yxzE,1.52476586
yqbE,1.526005791
ylaB,1.530186818
ynaG,1.531954482
ythB,1.533656209
yoaP,1.533812133
ydhF,1.538415614
comQ,1.540435894
asd,1.541467012
sdpR,1.542203359
yybM,1.542236886
yqjC,1.542573155
phy,1.543820007
skfG,1.543887485
yopU,1.549193098
yhfN,1.550452103
yflI,1.551184627
ykvS,1.553929066
yomP,1.555643611
yuzK,1.556393662
yneF,1.558503964
yoaW,1.558725972
ywnJ,1.560586808
yvzJ,1.562815409
spoVS,1.570585713
BS3610_RS24065,1.570747434
yybL,1.571803245
sigY,1.572722229
yrzP,1.577712249
cypD,1.57825529
yoyH,1.582150777
rapK,1.58241714
yjcD,1.583717419
xpt,1.584392264
ypbG,1.584797202
abbA,1.584893137
yoqZ,1.584946192
ywaF,1.587972692
ybeF,1.589772857
ywhH,1.594040829
BS3610_RS23725,1.60013705
slp,1.605134432
ykvT,1.605936918
ykwB,1.607276297
ykzS,1.610122124
yoyJ,1.611874293
yodM,1.614502386
yqiH,1.614516547
ypuF,1.630099828
yosV,1.636968189
ypfA,1.638889764
yorN,1.639648692
ydeB,1.642674481
yqxH,1.646647278
yozS,1.647817671
csbA,1.648177502
yqcA,1.651291951
guaC,1.651975869
mccB,1.657773335
kapB,1.658806632
yqbR,1.658936108
ywlD,1.660488495
yosC,1.663237745
ypuB,1.665434386
yonU,1.665974013
yhbJ,1.674427512
ykoM,1.675515588
yozU,1.678240556
ytlR,1.680055986
yraM,1.680160935
yxbC,1.680306845
yisI,1.687053545
yetF,1.690046794
yhfH,1.693496224
catD,1.696385104
yoqI,1.69647079
ytnJ,1.697203358
yppE,1.698292342
yjdB,1.699700228
BS3610_RS24610,1.702277107
yqhG,1.706777349
slrR,1.707531345
splB,1.716114251
yhcE,1.718804278
yuaF,1.720091662
bhlB,1.721377038
pcfA,1.732219586
ybaN,1.735803068
comC,1.736424455
yopP,1.740941891
arsB,1.743192376
frlN,1.7478152
yopL,1.748628382
yvsG,1.750527138
sigZ,1.757653446
yteP,1.759172538
yocL,1.759860324
frlO,1.760579148
paiB,1.760710623
yefB,1.762386794
mtnN,1.763248756
ysnE,1.766842002
mpr,1.768366853
yqcK,1.772710429
yebC,1.773431413
uxuA,1.774386823
yoqM,1.776716091
yomW,1.782108967
spoVAF,1.782363768
yddD,1.795130906
BS3610_RS24620,1.79650246
ydfM,1.796826938
yoqF,1.797713845
bioY,1.799304885
yxaM,1.799821743
ydcR,1.800696812
csaA,1.802099402
comGC,1.802835697
yorJ,1.80361888
ykzH,1.804049441
spbC,1.805542692
phrF,1.809650085
spoIIAA,1.809711753
yoqH,1.812812918
glsA,1.816782973
yrrT,1.817621841
yonI,1.819427048
trpE,1.820362014
epsC,1.821777396
phrK,1.823348179
yybK,1.824115239
yotB,1.826441051
rpsT,1.827800554
ykoU,1.829715235
hfq,1.831920773
ctaO,1.83414765
comK,1.837597076
yoqY,1.838311944
yydJ,1.843863247
yocH,1.844462217
fbpA,1.845800729
folEB,1.848997283
yorV,1.849602793
yqaK,1.851816464
ywcA,1.856125642
yobB,1.856191362
yqbJ,1.857070435
phoA,1.858369382
yphB,1.859558817
BS3610_RS24510,1.86298588
epsM,1.866697345
yqzK,1.867629135
yitF,1.869002633
yteS,1.869242629
rsiV,1.871903204
ymzB,1.872769766
epsG,1.875159552
yngL,1.875698363
yorD,1.8761978
racA,1.877458933
ggaA,1.877626413
rbfK,1.882601735
yopV,1.884656486
epsF,1.884949566
mtbP,1.897006291
yebD,1.903370426
yqbN,1.905284647
yoqT,1.906004548
yxbB,1.906685727
yxbD,1.908019935
ygaN,1.911407035
phrI,1.913572823
yosB,1.917630197
spoIIM,1.922601605
yjdJ,1.923132001
rpmGA,1.926161383
gerD,1.926829159
BS3610_RS12510,1.927778945
yqzM,1.934678939
ykzT,1.938256784
yhaX,1.942159707
yhdC,1.943532429
yutC,1.945728727
pyrK,1.950433499
yabS,1.953042682
hisI,1.956355184
BS3610_RS23780,1.960586978
pyrAB,1.963382944
yitG,1.967202487
ytvB,1.969663547
yqbH,1.975440846
ytpI,1.976586104
yoaR,1.977015273
yrhP,1.977179239
yjbE,1.978085485
yjzH,1.980178825
yrpG,1.980811421
yqzH,1.981087123
BS3610_RS24450,1.982025392
yueG,1.98481387
yvaC,1.987857574
epsE,1.988325176
gerKC,1.989003264
pyrAA,1.989052323
yufS,1.99115541
epsK,1.992253731
yoaU,1.992316193
epsN,1.994626419
yorW,1.995028476
yotG,2.002201931
cgeE,2.002590627
kbaA,2.003795545
yetM,2.008488987
yydI,2.00890046
BS3610_RS23190,2.010477065
yuzA,2.015448487
paiA,2.018067863
ykpC,2.020260215
yopW,2.021131878
bltR,2.02404003
ygaB,2.024895835
epsD,2.026443435
skfC,2.027057717
comGA,2.032486768
estA,2.034095594
txpA,2.034669244
yfzA,2.035565811
bsrG,2.035995174
yolC,2.037617705
yyaN,2.042825449
yesJ,2.042840461
yqbD,2.043791982
hisA,2.046802799
yetA,2.051010076
BS3610_RS23760,2.058229818
yrdF,2.065745521
ylzH,2.068371711
cspD,2.070219646
ypzH,2.070465956
yozO,2.074146668
zinT,2.077599872
BS3610_RS23625,2.078313587
thiT,2.078719738
ycgL,2.086335143
yosI,2.086366643
ykoV,2.088575329
yoqX,2.091393119
yorM,2.094146772
yitP,2.095443989
ywrE,2.097275747
comGG,2.104211012
yotK,2.105001087
yeaA,2.105586923
yomE,2.109328431
yuzI,2.10983521
yfhS,2.117018587
rapE,2.11712764
sigE,2.118155559
yndE,2.118409119
comGB,2.12082465
epsO,2.128085461
spoIIE,2.129880542
yqcB,2.131533033
epsI,2.13195453
ydcS,2.132756032
yonV,2.134192877
BS3610_RS23565,2.140361219
BS3610_RS24295,2.140525966
yueE,2.140537201
sspH,2.141660662
phrE,2.145476981
mciZ,2.14761351
asnH,2.148360521
yjcR,2.152085914
pyrC,2.155439697
epsL,2.157982964
yisN,2.170284902
yyzB,2.185649229
yydH,2.185716267
bpsA,2.187685606
yopK,2.187712329
skfH,2.199794305
yyaT,2.205904089
yqaB,2.206398748
spoVT,2.210500313
BS3610_RS23880,2.212781235
ynzE,2.21417558
yqzE,2.230856011
ywqB,2.237414274
yitO,2.24100611
ydfQ,2.243579545
yjmD,2.243911667
bpsB,2.244803788
arsR,2.24789526
fin,2.248617733
yozK,2.251301292
yugF,2.255195875
yqfZ,2.258512142
pbpI,2.258694171
BS3610_RS24095,2.261719567
yuiC,2.262332082
ywkF,2.268056907
ymfD,2.26931477
ygzA,2.27282298
skfA,2.276870647
ylaK,2.292843984
glgA,2.295983011
pyrB,2.296338232
sdpB,2.298803308
albG,2.302432231
yqxA,2.316154136
yosL,2.317378988
yndD,2.32474724
sdpA,2.340224275
glgP,2.342252533
BS3610_RS24360,2.345353495
BS3610_RS21235,2.345736297
yhcM,2.351663055
ybaK,2.358658633
ykoY,2.36134297
yonG,2.366889656
epsJ,2.371336366
yopY,2.372178122
yorZ,2.374084933
ylmC,2.374811728
ytbE,2.378028366
yotJ,2.387134876
yoqR,2.389181809
yrkB,2.391408383
yraF,2.392222149
ypuC,2.397341606
hisD,2.402245643
epsH,2.40391604
yopO,2.404380701
yppD,2.408518232
yopS,2.408689618
spoIID,2.409691967
ytnL,2.414533308
aprE,2.415902298
yaaC,2.419217527
BS3610_RS20625,2.422468555
nucB,2.424422442
mmgF,2.425034493
skfB,2.431361318
pdaA,2.43149535
yosG,2.434057218
yyaS,2.439216896
yonT,2.440849918
yraG,2.446269066
comGF,2.448953278
yqbQ,2.452458534
gpr,2.457143112
BS3610_RS24250,2.461528961
ydhD,2.465163285
yrdA,2.467438016
ytrH,2.470000026
gerBA,2.47129057
yorK,2.472894277
ydcC,2.473149025
yozM,2.473552255
yrzA,2.480056947
ywjD,2.480820012
kinB,2.481744075
spoVAEB,2.484506971
nrnB,2.484660852
isp,2.489379839
thrZ,2.497700471
ythA,2.505891324
ynzB,2.506656772
yydG,2.512770155
glgD,2.515230571
bhlA,2.520369666
yphA,2.521925433
yxnB,2.523459319
ydzQ,2.525041208
yqbS,2.529861232
exoA,2.542562421
yczL,2.542728505
ycgG,2.553180739
yunB,2.554309634
BS3610_RS24150,2.556456914
yunC,2.557204382
yutH,2.561855115
rapF,2.561974975
yoqP,2.562583328
hisH,2.567188208
ssuD,2.569107807
yoaM,2.570161941
glnT,2.579033755
rapC,2.581561207
phrC,2.583461635
yteV,2.586449617
BS3610_RS23635,2.60225091
yqaE,2.602690169
BS3610_RS24190,2.606208098
yezD,2.619310594
yddG,2.623218871
yxjF,2.625802866
BS3610_RS23830,2.626344042
yxbA,2.638215116
hisF,2.639590483
yosD,2.640181409
BS3610_RS24570,2.640586679
epsA,2.653952166
yqhO,2.65579968
ykoL,2.656565012
ydzJ,2.659453052
yusW,2.661583319
thiN,2.667433605
yopN,2.66749967
glgC,2.669444678
pbpG,2.669758175
sipW,2.669813177
spoIVFB,2.671268817
yddH,2.673312527
yoyB,2.67934832
BS3610_RS23480,2.684429666
spoIIIAB,2.690178027
yrrI,2.699882424
sqhC,2.720889984
ywcE,2.724986158
cidA,2.74101406
ydfC,2.742586909
yotL,2.743303323
ylbJ,2.744719791
yyaD,2.745450807
yfmG,2.746377488
ygzC,2.762930862
citH,2.77162128
yndF,2.772824117
yddB,2.776117334
yvdQ,2.778012929
yjmC,2.78252091
lonB,2.787719998
hisG,2.791821877
glsB,2.800622459
BS3610_RS23400,2.816585918
yrzM,2.820919665
bofA,2.820927617
ssuC,2.82100901
yhfA,2.821924474
yomM,2.823235777
cwlD,2.84710897
yaaH,2.852955866
stoA,2.85389012
yocM,2.853994589
ctpB,2.8576924
BS3610_RS23815,2.861302574
yizC,2.862894385
yycQ,2.863375293
yisY,2.867074326
ybcM,2.872048126
BS3610_RS22650,2.876391855
yosE,2.876510869
yqaG,2.88374959
ykzI,2.892229581
yhbB,2.898399888
sodF,2.90289958
BS3610_RS23540,2.906239629
atoB,2.91118072
tcyL,2.911446719
epsB,2.913556121
sinI,2.930008013
yomF,2.94826566
tasA,2.952020065
spoIIB,2.95479665
ykoT,2.956271839
spoIVCA,2.957350756
degQ,2.969721082
yezF,2.980851173
yydF,2.982223207
yjnA,2.98223018
yloB,2.991249949
BS3610_RS11360,3.000607386
glgB,3.008033738
yotM,3.011594063
yosH,3.016270758
BS3610_RS24480,3.019191864
yngE,3.020243534
fbpC,3.021285117
yhzC,3.023174578
yqaF,3.026433724
ytnI,3.049092329
BS3610_RS23230,3.050466315
BS3610_RS23305,3.051342791
tepA,3.054849377
yesK,3.060270642
spmA,3.060648796
hisB,3.0611979
spoIIP,3.073620527
yqfD,3.076613172
yqaQ,3.079938583
BS3610_RS24590,3.085307197
ytrI,3.085439993
yjzC,3.088420419
yhjQ,3.089782462
ywcB,3.090653271
ytwI,3.099343547
ydzX,3.104867034
ykuS,3.116663858
yjbA,3.117399673
yciB,3.119813734
ykoS,3.126957323
ypzA,3.127037744
yizD,3.140088476
yrpE,3.143966334
proH,3.157843526
spoVAD,3.158137569
spoIIIAE,3.161109683
proJ,3.164559043
gerKA,3.171889303
BS3610_RS24160,3.175074741
ylaJ,3.213773118
yngF,3.217033832
BS3610_RS23510,3.217243167
BS3610_RS24405,3.219298114
yuzE,3.230941398
ywcI,3.250261641
yqgO,3.265198318
ykzR,3.270710854
ywfA,3.271594595
yotF,3.273636625
yczF,3.273810159
ycgH,3.287314955
ykvI,3.288163039
sacT,3.288413701
rsfA,3.297968522
BS3610_RS24420,3.298800827
atoA,3.313926454
spoVAEA,3.344133846
BS3610_RS23755,3.344321765
ytfI,3.345748791
ssuA,3.350145211
spoIIQ,3.350770347
yqaI,3.351074326
spoVD,3.354463606
ynzK,3.357079949
ylzJ,3.35780888
ytnM,3.367747278
sigG,3.384216289
yozF,3.401577934
yqaN,3.409662752
spoVAC,3.416266165
yhaL,3.422721509
spoIIIAD,3.422937576
spoIIIAA,3.430579006
yokU,3.432236418
yqgE,3.435308646
ymaF,3.438132574
ssuB,3.452761346
ypeB,3.453011771
yyaC,3.453481562
spoIIGA,3.457736529
yngG,3.461810708
mmgE,3.465962666
ywbA,3.466182874
spoIIIAH,3.480240708
yrzI,3.481583915
ymxH,3.487600632
yopM,3.488107414
ykvU,3.491181486
yqzO,3.49269623
yngHB,3.494562766
adhB,3.498178369
yflJ,3.508078786
BS3610_RS24200,3.508301397
spoIIIAG,3.515202348
yisJ,3.518174824
yomY,3.52725525
dacB,3.536871858
yrzK,3.541527376
yhfM,3.546213231
spoIVFA,3.56037835
ypfB,3.562999285
gdh,3.604348668
ydhU,3.607793447
yngJ,3.623052734
yuzF,3.628109751
yveA,3.635622135
ytlD,3.642444785
alrB,3.646245186
yjcA,3.651867412
yugT,3.654154126
yqhH,3.655733334
spmB,3.658541227
ywzD,3.664173611
tapA,3.665109285
spoIVA,3.668507161
gerM,3.671892717
yddI,3.676841806
mmgD,3.681065269
spoVK,3.686083353
gerR,3.688537482
yrkS,3.690792163
BS3610_RS23885,3.694303845
yptA,3.701635967
sleB,3.711166237
yjaZ,3.713631698
ykjA,3.714243254
yngHA,3.714879675
hisZ,3.717717679
dacF,3.723077365
yrzE,3.72376215
yqcE,3.728199534
spoIVCB,3.730661787
yqzG,3.736907602
ygaK,3.742391771
yxjC,3.744669933
yodR,3.75271252
spoVR,3.754447829
mmgC,3.758502546
yjdH,3.761236935
yngI,3.770018539
gerPE,3.770028629
yodS,3.770944863
yhfW,3.77236247
ydfR,3.778980724
yhcD,3.779815109
yurZ,3.783770502
yitM,3.793550932
yozN,3.808434614
ykoN,3.823794352
yqbI,3.831338228
ybxH,3.833213653
lipC,3.840831965
glnM,3.845775011
spoIIIC,3.855906116
spoVID,3.867672186
ywhL,3.8754294
safA,3.881955886
BS3610_RS23685,3.884305739
cotJB,3.884617851
ykvQ,3.893722162
prkA,3.895042129
nadA,3.897176139
glnQ,3.900908791
kamA,3.901714916
yozE,3.903774787
gerPC,3.912593224
spoIIIAF,3.918521283
yjfA,3.919209986
yotD,3.923583287
yknT,3.9310283
yodQ,3.943246955
BS3610_RS23575,3.946252232
yitE,3.948445857
yozT,3.950747577
glcU,3.956277762
sspD,3.96065029
ytfJ,3.964579541
glnP,3.966543001
yjaV,3.966956395
cgeD,3.976741844
spoVAB,3.983819019
cotD,3.985705527
ynzL,3.988355522
ysxE,3.988427802
gerPD,3.999281586
cypA,4.000409016
mmgA,4.014087046
mmgB,4.018483901
ytlC,4.029695418
cotO,4.037905391
yraD,4.050323295
yndA,4.051480445
yngK,4.054471298
yheC,4.069655912
ycgI,4.096051201
cotJC,4.09823844
yorY,4.104655781
BS3610_RS10990,4.106575701
comER,4.113723859
kamB,4.149527063
csgA,4.15740734
yojB,4.159812258
yrbG,4.169474901
spoVM,4.178702813
yraE,4.187519064
lytH,4.206035341
yheD,4.211077567
BS3610_RS23805,4.214802627
yhxC,4.217435343
asnO,4.250435183
yrzR,4.264346327
yusN,4.269955146
yozQ,4.28651275
BS3610_RS24320,4.297390043
yoyE,4.298918435
spoVAA,4.317391369
kapD,4.319878512
yocN,4.322509712
cotP,4.37234267
yrkC,4.375839603
cotJA,4.387782028
gerPB,4.389142243
yqhR,4.401834734
spoIIIAC,4.425267121
glnH,4.461893071
yheF,4.479286231
ydgA,4.493089527
ynfE,4.496972527
gerQ,4.500600462
ypqP,4.508574482
spoIVB,4.512820614
yycO,4.531294401
tgl,4.541972608
yodT,4.550143363
cwlJ,4.551836269
yoaQ,4.561258813
yorX,4.571236731
yrzN,4.583636404
ypzI,4.585864229
ytlA,4.61944062
yckD,4.625213077
yvdP,4.633096183
yqhV,4.633480584
yycP,4.638226768
yteA,4.676489992
spsJ,4.699242235
yoaI,4.719102136
BS3610_RS23210,4.726365833
yozP,4.73100427
ysnD,4.738843381
ykvP,4.740269793
yqfT,4.761386472
ytcB,4.765911207
clsB,4.80888261
BS3610_RS24260,4.821460772
ylbD,4.823168999
ydfS,4.827534924
yisZ,4.829211234
yitA,4.840521936
gerPA,4.852213635
cotA,4.872862348
ywrJ,4.891895435
yndM,4.894467162
yutG,4.90152457
yrrD,4.909467279
sspM,4.920064022
cotH,4.923148437
yobW,4.92836098
yoaN,4.968059104
ylbE,4.974521915
yuzM,4.9747632
putM,4.976806051
yqcD,4.980045726
yitB,4.982131216
BS3610_RS23870,4.983717785
sspI,4.992757087
ypqA,5.005900075
yxeE,5.017135905
yhbH,5.018939537
yqfC,5.02684269
ylyA,5.038546382
spsK,5.049008306
cotF,5.064720451
ytcC,5.09907891
gerPF,5.100809848
spsL,5.108692913
slpH,5.112589213
spoIIID,5.115469105
cotE,5.182075765
ykoP,5.191257813
yozD,5.193896697
yhcN,5.209775053
spsF,5.224679066
yabG,5.230126478
yfnD,5.255274994
ytcA,5.259129075
ydgB,5.297234105
yndL,5.306508374
ykzQ,5.308331756
spsD,5.317345383
csfB,5.318096965
cwlH,5.325393725
cwlC,5.334589679
yjaU,5.363355526
cotT,5.368447141
yxeD,5.388266787
yjzB,5.390222768
cotM,5.393619307
spsG,5.416232407
yhcV,5.424009681
spsC,5.450612615
spsE,5.452766062
yhjR,5.459154369
ytdA,5.460597233
BS3610_RS04820,5.465956911
ymfJ,5.473985355
slpS,5.485815709
spoVFB,5.49861492
ypzF,5.500511348
yoyG,5.504076238
yfnG,5.519109126
coxA,5.520290792
cotZ,5.531516109
cdoA,5.533630005
yfnE,5.538669873
spoVFA,5.554740225
yqfQ,5.577996507
spsB,5.60288893
yfnH,5.612481616
yclG,5.641692012
cotS,5.652928125
yodH,5.66918989
yhcQ,5.671549629
spsI,5.681009641
sspB,5.691087102
yrpDX,5.69582853
yhfC,5.702357537
cotY,5.703520964
yqcI,5.725303333
aprX,5.729028629
gerT,5.741462074
yodN,5.770186595
ydzH,5.780787555
yfhD,5.805010643
sspN,5.814821926
ywhK,5.864440277
yppG,5.868225247
sspA,5.880339105
ykzV,5.881119382
cotSA,5.885182551
yjzK,5.902967049
yhcO,5.91427054
cotW,5.945551592
cotB,5.946494272
yfnF,5.95205155
yuzL,5.955774314
yrzQ,5.96577327
ymaG,5.988125356
BS3610_RS11695,6.019368231
sspC,6.029070754
cotR,6.038396435
ykzD,6.069544481
yodI,6.085880857
cotI,6.111146009
ytxO,6.12052598
sspE,6.132504298
spsA,6.251138752
cotV,6.370538703
yoyF,6.37140383
cgeB,6.378975372
sscB,6.389943998
cotX,6.390041506
tlp,6.415658015
ydzR,6.473884429
ywrK,6.479294163
sspO,6.5313848
sspP,6.531733297
ytzC,6.537237155
cgeA,6.551503929
yjcZ,6.619092258
ypzG,6.64795115
yotN,6.689794741
sspF,6.709277846
sspG,6.720708669
BS3610_RS23430,6.779602198
gerE,6.800779944
ytkC,6.928392077
yqfX,7.012824578
sspK,7.014041762
spoVIF,7.014085793
usd,7.025325127
BS3610_RS23650,7.08473945
cgeC,7.093783672
cotG,7.139978506
cotU,7.148189421
ykzE,7.183515781
sscA,7.222902927
BS3610_RS17900,7.291816511
yuzJ,7.303420388
yurS,7.381376145
ypzD,7.434712549
yczM,7.471220599
ytzL,7.471285841
ykzP,7.48842279
yhdB,7.571392788
yczN,7.708124693
sspJ,7.832519951
BS3610_RS06465,8.167193479
yosA,8.215307896
cotC,8.444846834
